[INFO] Scanning for projects...
[INFO] 
[INFO] ----------------< com.dataacquisition:data-acquisition >----------------
[INFO] Building Data Acquisition Management System 1.0.0
[INFO] --------------------------------[ jar ]---------------------------------
[INFO] 
[INFO] >>> spring-boot-maven-plugin:3.1.8:run (default-cli) > test-compile @ data-acquisition >>>
[INFO] 
[INFO] --- maven-resources-plugin:3.3.1:resources (default-resources) @ data-acquisition ---
[INFO] Copying 3 resources from src\main\resources to target\classes
[INFO] Copying 0 resource from src\main\resources to target\classes
[INFO] 
[INFO] --- maven-compiler-plugin:3.11.0:compile (default-compile) @ data-acquisition ---
[INFO] Nothing to compile - all classes are up to date
[INFO] 
[INFO] --- maven-resources-plugin:3.3.1:testResources (default-testResources) @ data-acquisition ---
[INFO] skip non existing resourceDirectory D:\work\projects\data_acquisition\source\backend\src\test\resources
[INFO] 
[INFO] --- maven-compiler-plugin:3.11.0:testCompile (default-testCompile) @ data-acquisition ---
[INFO] Nothing to compile - all classes are up to date
[INFO] 
[INFO] <<< spring-boot-maven-plugin:3.1.8:run (default-cli) < test-compile @ data-acquisition <<<
[INFO] 
[INFO] 
[INFO] --- spring-boot-maven-plugin:3.1.8:run (default-cli) @ data-acquisition ---
[INFO] Attaching agents: []

  .   ____          _            __ _ _
 /\\ / ___'_ __ _ _(_)_ __  __ _ \ \ \ \
( ( )\___ | '_ | '_| | '_ \/ _` | \ \ \ \
 \\/  ___)| |_)| | | | | || (_| |  ) ) ) )
  '  |____| .__|_| |_|_| |_\__, | / / / /
 =========|_|==============|___/=/_/_/_/
 :: Spring Boot ::                (v3.1.8)

2026-03-26 16:25:52 [main] INFO  com.dataacquisition.DataAcquisitionApplication - Starting DataAcquisitionApplication using Java 17.0.12 with PID 14580 (D:\work\projects\data_acquisition\source\backend\target\classes started by Administrator in D:\work\projects\data_acquisition\source\backend)
2026-03-26 16:25:52 [main] DEBUG com.dataacquisition.DataAcquisitionApplication - Running with Spring Boot v3.1.8, Spring v6.0.16
2026-03-26 16:25:52 [main] INFO  com.dataacquisition.DataAcquisitionApplication - The following 1 profile is active: "dev"
2026-03-26 16:25:53 [main] INFO  o.s.d.r.config.RepositoryConfigurationDelegate - Multiple Spring Data modules found, entering strict repository configuration mode
2026-03-26 16:25:53 [main] INFO  o.s.d.r.config.RepositoryConfigurationDelegate - Bootstrapping Spring Data Redis repositories in DEFAULT mode.
2026-03-26 16:25:53 [main] INFO  o.s.d.r.config.RepositoryConfigurationDelegate - Finished Spring Data repository scanning in 21 ms. Found 0 Redis repository interfaces.
2026-03-26 16:25:54 [main] INFO  o.s.boot.web.embedded.tomcat.TomcatWebServer - Tomcat initialized with port(s): 8080 (http)
2026-03-26 16:25:54 [main] INFO  org.apache.catalina.core.StandardService - Starting service [Tomcat]
2026-03-26 16:25:54 [main] INFO  org.apache.catalina.core.StandardEngine - Starting Servlet engine: [Apache Tomcat/10.1.18]
2026-03-26 16:25:54 [main] INFO  o.a.c.c.ContainerBase.[Tomcat].[localhost].[/api] - Initializing Spring embedded WebApplicationContext
2026-03-26 16:25:54 [main] INFO  o.s.b.w.s.c.ServletWebServerApplicationContext - Root WebApplicationContext: initialization completed in 1846 ms
2026-03-26 16:25:54 [main] INFO  org.springframework.aop.framework.CglibAopProxy - Unable to proxy interface-implementing method [public final void org.springframework.web.filter.OncePerRequestFilter.doFilter(jakarta.servlet.ServletRequest,jakarta.servlet.ServletResponse,jakarta.servlet.FilterChain) throws jakarta.servlet.ServletException,java.io.IOException] because it is marked as final: Consider using interface-based JDK proxies instead!
2026-03-26 16:25:54 [main] INFO  org.springframework.aop.framework.CglibAopProxy - Unable to proxy interface-implementing method [public final void org.springframework.web.filter.GenericFilterBean.init(jakarta.servlet.FilterConfig) throws jakarta.servlet.ServletException] because it is marked as final: Consider using interface-based JDK proxies instead!
Logging initialized using 'class org.apache.ibatis.logging.stdout.StdOutImpl' adapter.
Initialization Sequence datacenterId:0 workerId:26
 _ _   |_  _ _|_. ___ _ |    _ 
| | |\/|_)(_| | |_\  |_)||_|_\ 
     /               |         
                        3.5.5 
2026-03-26 16:25:55 [main] DEBUG c.dataacquisition.security.JwtAuthenticationFilter - Filter 'jwtAuthenticationFilter' configured for use
2026-03-26 16:25:56 [main] INFO  o.s.security.web.DefaultSecurityFilterChain - Will secure any request with [org.springframework.security.web.session.DisableEncodeUrlFilter@175957b6, org.springframework.security.web.context.request.async.WebAsyncManagerIntegrationFilter@1b7a4930, org.springframework.security.web.context.SecurityContextHolderFilter@3fe24670, org.springframework.security.web.header.HeaderWriterFilter@c697186, org.springframework.security.web.authentication.logout.LogoutFilter@53df7e67, com.dataacquisition.security.JwtAuthenticationFilter@7282af25, org.springframework.security.web.savedrequest.RequestCacheAwareFilter@7d6019d5, org.springframework.security.web.servletapi.SecurityContextHolderAwareRequestFilter@6d4c18b8, org.springframework.security.web.authentication.AnonymousAuthenticationFilter@4bfe83d, org.springframework.security.web.session.SessionManagementFilter@2524d07a, org.springframework.security.web.access.ExceptionTranslationFilter@aa633e6, org.springframework.security.web.access.intercept.AuthorizationFilter@231d3ce]
2026-03-26 16:25:57 [main] INFO  o.s.boot.web.embedded.tomcat.TomcatWebServer - Tomcat started on port(s): 8080 (http) with context path '/api'
2026-03-26 16:25:57 [main] INFO  com.dataacquisition.DataAcquisitionApplication - Started DataAcquisitionApplication in 4.894 seconds (process running for 5.264)
========================================
   工业数据采集项目管理系统启动成功!
   API文档地址: http://localhost:8080/api/doc.html
========================================

2026-03-26 16:25:57 [http-nio-8080-exec-1] INFO  o.a.c.c.ContainerBase.[Tomcat].[localhost].[/api] - Initializing Spring DispatcherServlet 'dispatcherServlet'
2026-03-26 16:25:57 [http-nio-8080-exec-1] INFO  org.springframework.web.servlet.DispatcherServlet - Initializing Servlet 'dispatcherServlet'
2026-03-26 16:25:57 [http-nio-8080-exec-1] INFO  org.springframework.web.servlet.DispatcherServlet - Completed initialization in 2 ms
2026-03-26 16:25:57 [http-nio-8080-exec-1] DEBUG org.springframework.security.web.FilterChainProxy - Securing GET /doc.html
2026-03-26 16:25:57 [http-nio-8080-exec-1] DEBUG o.s.s.w.a.AnonymousAuthenticationFilter - Set SecurityContextHolder to anonymous SecurityContext
2026-03-26 16:25:57 [http-nio-8080-exec-1] DEBUG org.springframework.security.web.FilterChainProxy - Secured GET /doc.html
2026-03-26 16:26:34 [http-nio-8080-exec-3] DEBUG org.springframework.security.web.FilterChainProxy - Securing GET /doc.html
2026-03-26 16:26:34 [http-nio-8080-exec-3] DEBUG o.s.s.w.a.AnonymousAuthenticationFilter - Set SecurityContextHolder to anonymous SecurityContext
2026-03-26 16:26:34 [http-nio-8080-exec-3] DEBUG org.springframework.security.web.FilterChainProxy - Secured GET /doc.html
2026-03-26 16:28:20 [http-nio-8080-exec-5] DEBUG org.springframework.security.web.FilterChainProxy - Securing POST /auth/login
2026-03-26 16:28:20 [http-nio-8080-exec-5] DEBUG o.s.s.w.a.AnonymousAuthenticationFilter - Set SecurityContextHolder to anonymous SecurityContext
2026-03-26 16:28:20 [http-nio-8080-exec-5] DEBUG org.springframework.security.web.FilterChainProxy - Secured POST /auth/login
Creating a new SqlSession
SqlSession [org.apache.ibatis.session.defaults.DefaultSqlSession@716766f2] was not registered for synchronization because synchronization is not active
2026-03-26 16:28:20 [http-nio-8080-exec-5] INFO  com.zaxxer.hikari.HikariDataSource - HikariPool-1 - Starting...
2026-03-26 16:28:20 [http-nio-8080-exec-5] INFO  com.zaxxer.hikari.pool.HikariPool - HikariPool-1 - Added connection com.mysql.cj.jdbc.ConnectionImpl@1ae0aa55
2026-03-26 16:28:20 [http-nio-8080-exec-5] INFO  com.zaxxer.hikari.HikariDataSource - HikariPool-1 - Start completed.
JDBC Connection [HikariProxyConnection@665074810 wrapping com.mysql.cj.jdbc.ConnectionImpl@1ae0aa55] will not be managed by Spring
==>  Preparing: SELECT id,username,password,name,email,phone,avatar,role_ids,status,last_login_time,last_login_ip,created_by,created_at,updated_by,updated_at,deleted FROM t_user WHERE deleted=0 AND (username = ?)
==> Parameters: admin(String)
<==    Columns: id, username, password, name, email, phone, avatar, role_ids, status, last_login_time, last_login_ip, created_by, created_at, updated_by, updated_at, deleted
<==        Row: 1, admin, admin123, 系统管理员, admin@example.com, null, null, 1, 1, null, null, null, 2026-03-23 13:00:27, null, 2026-03-24 15:26:43, 0
<==      Total: 1
Closing non transactional SqlSession [org.apache.ibatis.session.defaults.DefaultSqlSession@716766f2]
2026-03-26 16:28:20 [http-nio-8080-exec-5] DEBUG o.s.s.authentication.dao.DaoAuthenticationProvider - Authenticated user
Creating a new SqlSession
SqlSession [org.apache.ibatis.session.defaults.DefaultSqlSession@5d37c631] was not registered for synchronization because synchronization is not active
JDBC Connection [HikariProxyConnection@400685466 wrapping com.mysql.cj.jdbc.ConnectionImpl@1ae0aa55] will not be managed by Spring
==>  Preparing: SELECT id,username,password,name,email,phone,avatar,role_ids,status,last_login_time,last_login_ip,created_by,created_at,updated_by,updated_at,deleted FROM t_user WHERE deleted=0 AND (username = ?)
==> Parameters: admin(String)
<==    Columns: id, username, password, name, email, phone, avatar, role_ids, status, last_login_time, last_login_ip, created_by, created_at, updated_by, updated_at, deleted
<==        Row: 1, admin, admin123, 系统管理员, admin@example.com, null, null, 1, 1, null, null, null, 2026-03-23 13:00:27, null, 2026-03-24 15:26:43, 0
<==      Total: 1
Closing non transactional SqlSession [org.apache.ibatis.session.defaults.DefaultSqlSession@5d37c631]
2026-03-26 16:28:26 [http-nio-8080-exec-6] DEBUG org.springframework.security.web.FilterChainProxy - Securing GET /projects?pageNum=1&pageSize=10&keyword=&stage=
Creating a new SqlSession
SqlSession [org.apache.ibatis.session.defaults.DefaultSqlSession@ff4f9eb] was not registered for synchronization because synchronization is not active
JDBC Connection [HikariProxyConnection@387009285 wrapping com.mysql.cj.jdbc.ConnectionImpl@1ae0aa55] will not be managed by Spring
==>  Preparing: SELECT id,username,password,name,email,phone,avatar,role_ids,status,last_login_time,last_login_ip,created_by,created_at,updated_by,updated_at,deleted FROM t_user WHERE deleted=0 AND (username = ?)
==> Parameters: admin(String)
<==    Columns: id, username, password, name, email, phone, avatar, role_ids, status, last_login_time, last_login_ip, created_by, created_at, updated_by, updated_at, deleted
<==        Row: 1, admin, admin123, 系统管理员, admin@example.com, null, null, 1, 1, null, null, null, 2026-03-23 13:00:27, null, 2026-03-24 15:26:43, 0
<==      Total: 1
Closing non transactional SqlSession [org.apache.ibatis.session.defaults.DefaultSqlSession@ff4f9eb]
2026-03-26 16:28:26 [http-nio-8080-exec-6] DEBUG org.springframework.security.web.FilterChainProxy - Secured GET /projects?pageNum=1&pageSize=10&keyword=&stage=
Creating a new SqlSession
SqlSession [org.apache.ibatis.session.defaults.DefaultSqlSession@4ee254f9] was not registered for synchronization because synchronization is not active
JDBC Connection [HikariProxyConnection@2117514478 wrapping com.mysql.cj.jdbc.ConnectionImpl@1ae0aa55] will not be managed by Spring
==>  Preparing: SELECT COUNT(*) AS total FROM t_project WHERE deleted = 0
==> Parameters: 
<==    Columns: total
<==        Row: 0
<==      Total: 1
Closing non transactional SqlSession [org.apache.ibatis.session.defaults.DefaultSqlSession@4ee254f9]
2026-03-26 16:28:35 [http-nio-8080-exec-8] DEBUG org.springframework.security.web.FilterChainProxy - Securing GET /devices?pageNum=1&pageSize=10&keyword=
Creating a new SqlSession
SqlSession [org.apache.ibatis.session.defaults.DefaultSqlSession@7134ac95] was not registered for synchronization because synchronization is not active
JDBC Connection [HikariProxyConnection@1085712874 wrapping com.mysql.cj.jdbc.ConnectionImpl@1ae0aa55] will not be managed by Spring
==>  Preparing: SELECT id,username,password,name,email,phone,avatar,role_ids,status,last_login_time,last_login_ip,created_by,created_at,updated_by,updated_at,deleted FROM t_user WHERE deleted=0 AND (username = ?)
==> Parameters: admin(String)
<==    Columns: id, username, password, name, email, phone, avatar, role_ids, status, last_login_time, last_login_ip, created_by, created_at, updated_by, updated_at, deleted
<==        Row: 1, admin, admin123, 系统管理员, admin@example.com, null, null, 1, 1, null, null, null, 2026-03-23 13:00:27, null, 2026-03-24 15:26:43, 0
<==      Total: 1
Closing non transactional SqlSession [org.apache.ibatis.session.defaults.DefaultSqlSession@7134ac95]
2026-03-26 16:28:35 [http-nio-8080-exec-8] DEBUG org.springframework.security.web.FilterChainProxy - Secured GET /devices?pageNum=1&pageSize=10&keyword=
Creating a new SqlSession
SqlSession [org.apache.ibatis.session.defaults.DefaultSqlSession@452683b0] was not registered for synchronization because synchronization is not active
JDBC Connection [HikariProxyConnection@1688601096 wrapping com.mysql.cj.jdbc.ConnectionImpl@1ae0aa55] will not be managed by Spring
==>  Preparing: SELECT COUNT(*) AS total FROM t_device WHERE deleted = 0
==> Parameters: 
<==    Columns: total
<==        Row: 0
<==      Total: 1
Closing non transactional SqlSession [org.apache.ibatis.session.defaults.DefaultSqlSession@452683b0]
2026-03-26 16:28:35 [http-nio-8080-exec-9] DEBUG org.springframework.security.web.FilterChainProxy - Securing GET /processes?pageNum=1&pageSize=10&keyword=
Creating a new SqlSession
SqlSession [org.apache.ibatis.session.defaults.DefaultSqlSession@da792e7] was not registered for synchronization because synchronization is not active
JDBC Connection [HikariProxyConnection@1686262649 wrapping com.mysql.cj.jdbc.ConnectionImpl@1ae0aa55] will not be managed by Spring
==>  Preparing: SELECT id,username,password,name,email,phone,avatar,role_ids,status,last_login_time,last_login_ip,created_by,created_at,updated_by,updated_at,deleted FROM t_user WHERE deleted=0 AND (username = ?)
==> Parameters: admin(String)
<==    Columns: id, username, password, name, email, phone, avatar, role_ids, status, last_login_time, last_login_ip, created_by, created_at, updated_by, updated_at, deleted
<==        Row: 1, admin, admin123, 系统管理员, admin@example.com, null, null, 1, 1, null, null, null, 2026-03-23 13:00:27, null, 2026-03-24 15:26:43, 0
<==      Total: 1
Closing non transactional SqlSession [org.apache.ibatis.session.defaults.DefaultSqlSession@da792e7]
2026-03-26 16:28:35 [http-nio-8080-exec-9] DEBUG org.springframework.security.web.FilterChainProxy - Secured GET /processes?pageNum=1&pageSize=10&keyword=
Creating a new SqlSession
SqlSession [org.apache.ibatis.session.defaults.DefaultSqlSession@597ee20] was not registered for synchronization because synchronization is not active
JDBC Connection [HikariProxyConnection@2070381500 wrapping com.mysql.cj.jdbc.ConnectionImpl@1ae0aa55] will not be managed by Spring
==>  Preparing: SELECT COUNT(*) AS total FROM t_process WHERE deleted = 0
==> Parameters: 
<==    Columns: total
<==        Row: 0
<==      Total: 1
Closing non transactional SqlSession [org.apache.ibatis.session.defaults.DefaultSqlSession@597ee20]
2026-03-26 16:28:36 [http-nio-8080-exec-10] DEBUG org.springframework.security.web.FilterChainProxy - Securing GET /workshops?pageNum=1&pageSize=10&keyword=
Creating a new SqlSession
SqlSession [org.apache.ibatis.session.defaults.DefaultSqlSession@2ffc1e18] was not registered for synchronization because synchronization is not active
JDBC Connection [HikariProxyConnection@1062377343 wrapping com.mysql.cj.jdbc.ConnectionImpl@1ae0aa55] will not be managed by Spring
==>  Preparing: SELECT id,username,password,name,email,phone,avatar,role_ids,status,last_login_time,last_login_ip,created_by,created_at,updated_by,updated_at,deleted FROM t_user WHERE deleted=0 AND (username = ?)
==> Parameters: admin(String)
<==    Columns: id, username, password, name, email, phone, avatar, role_ids, status, last_login_time, last_login_ip, created_by, created_at, updated_by, updated_at, deleted
<==        Row: 1, admin, admin123, 系统管理员, admin@example.com, null, null, 1, 1, null, null, null, 2026-03-23 13:00:27, null, 2026-03-24 15:26:43, 0
<==      Total: 1
Closing non transactional SqlSession [org.apache.ibatis.session.defaults.DefaultSqlSession@2ffc1e18]
2026-03-26 16:28:36 [http-nio-8080-exec-10] DEBUG org.springframework.security.web.FilterChainProxy - Secured GET /workshops?pageNum=1&pageSize=10&keyword=
Creating a new SqlSession
SqlSession [org.apache.ibatis.session.defaults.DefaultSqlSession@ab85af0] was not registered for synchronization because synchronization is not active
JDBC Connection [HikariProxyConnection@1786223942 wrapping com.mysql.cj.jdbc.ConnectionImpl@1ae0aa55] will not be managed by Spring
==>  Preparing: SELECT COUNT(*) AS total FROM t_workshop WHERE deleted = 0
==> Parameters: 
<==    Columns: total
<==        Row: 0
<==      Total: 1
Closing non transactional SqlSession [org.apache.ibatis.session.defaults.DefaultSqlSession@ab85af0]
2026-03-26 16:28:37 [http-nio-8080-exec-1] DEBUG org.springframework.security.web.FilterChainProxy - Securing GET /users?pageNum=1&pageSize=10&keyword=
Creating a new SqlSession
SqlSession [org.apache.ibatis.session.defaults.DefaultSqlSession@1a5e7343] was not registered for synchronization because synchronization is not active
JDBC Connection [HikariProxyConnection@1535664175 wrapping com.mysql.cj.jdbc.ConnectionImpl@1ae0aa55] will not be managed by Spring
==>  Preparing: SELECT id,username,password,name,email,phone,avatar,role_ids,status,last_login_time,last_login_ip,created_by,created_at,updated_by,updated_at,deleted FROM t_user WHERE deleted=0 AND (username = ?)
==> Parameters: admin(String)
<==    Columns: id, username, password, name, email, phone, avatar, role_ids, status, last_login_time, last_login_ip, created_by, created_at, updated_by, updated_at, deleted
<==        Row: 1, admin, admin123, 系统管理员, admin@example.com, null, null, 1, 1, null, null, null, 2026-03-23 13:00:27, null, 2026-03-24 15:26:43, 0
<==      Total: 1
Closing non transactional SqlSession [org.apache.ibatis.session.defaults.DefaultSqlSession@1a5e7343]
2026-03-26 16:28:37 [http-nio-8080-exec-1] DEBUG org.springframework.security.web.FilterChainProxy - Secured GET /users?pageNum=1&pageSize=10&keyword=
Creating a new SqlSession
SqlSession [org.apache.ibatis.session.defaults.DefaultSqlSession@12cd97fd] was not registered for synchronization because synchronization is not active
JDBC Connection [HikariProxyConnection@363403106 wrapping com.mysql.cj.jdbc.ConnectionImpl@1ae0aa55] will not be managed by Spring
==>  Preparing: SELECT COUNT(*) AS total FROM t_user WHERE deleted = 0
==> Parameters: 
<==    Columns: total
<==        Row: 1
<==      Total: 1
==>  Preparing: SELECT id,username,password,name,email,phone,avatar,role_ids,status,last_login_time,last_login_ip,created_by,created_at,updated_by,updated_at,deleted FROM t_user WHERE deleted=0 ORDER BY created_at DESC LIMIT ?
==> Parameters: 10(Long)
<==    Columns: id, username, password, name, email, phone, avatar, role_ids, status, last_login_time, last_login_ip, created_by, created_at, updated_by, updated_at, deleted
<==        Row: 1, admin, admin123, 系统管理员, admin@example.com, null, null, 1, 1, null, null, null, 2026-03-23 13:00:27, null, 2026-03-24 15:26:43, 0
<==      Total: 1
Closing non transactional SqlSession [org.apache.ibatis.session.defaults.DefaultSqlSession@12cd97fd]
2026-03-26 16:28:46 [http-nio-8080-exec-2] DEBUG org.springframework.security.web.FilterChainProxy - Securing GET /projects?pageNum=1&pageSize=10&keyword=&stage=
Creating a new SqlSession
SqlSession [org.apache.ibatis.session.defaults.DefaultSqlSession@2a82b315] was not registered for synchronization because synchronization is not active
JDBC Connection [HikariProxyConnection@1466348871 wrapping com.mysql.cj.jdbc.ConnectionImpl@1ae0aa55] will not be managed by Spring
==>  Preparing: SELECT id,username,password,name,email,phone,avatar,role_ids,status,last_login_time,last_login_ip,created_by,created_at,updated_by,updated_at,deleted FROM t_user WHERE deleted=0 AND (username = ?)
==> Parameters: admin(String)
<==    Columns: id, username, password, name, email, phone, avatar, role_ids, status, last_login_time, last_login_ip, created_by, created_at, updated_by, updated_at, deleted
<==        Row: 1, admin, admin123, 系统管理员, admin@example.com, null, null, 1, 1, null, null, null, 2026-03-23 13:00:27, null, 2026-03-24 15:26:43, 0
<==      Total: 1
Closing non transactional SqlSession [org.apache.ibatis.session.defaults.DefaultSqlSession@2a82b315]
2026-03-26 16:28:46 [http-nio-8080-exec-2] DEBUG org.springframework.security.web.FilterChainProxy - Secured GET /projects?pageNum=1&pageSize=10&keyword=&stage=
Creating a new SqlSession
SqlSession [org.apache.ibatis.session.defaults.DefaultSqlSession@53288e90] was not registered for synchronization because synchronization is not active
JDBC Connection [HikariProxyConnection@322035628 wrapping com.mysql.cj.jdbc.ConnectionImpl@1ae0aa55] will not be managed by Spring
==>  Preparing: SELECT COUNT(*) AS total FROM t_project WHERE deleted = 0
==> Parameters: 
<==    Columns: total
<==        Row: 0
<==      Total: 1
Closing non transactional SqlSession [org.apache.ibatis.session.defaults.DefaultSqlSession@53288e90]
2026-03-26 16:28:47 [http-nio-8080-exec-3] DEBUG org.springframework.security.web.FilterChainProxy - Securing GET /devices?pageNum=1&pageSize=10&keyword=
Creating a new SqlSession
SqlSession [org.apache.ibatis.session.defaults.DefaultSqlSession@5db83d16] was not registered for synchronization because synchronization is not active
JDBC Connection [HikariProxyConnection@934274540 wrapping com.mysql.cj.jdbc.ConnectionImpl@1ae0aa55] will not be managed by Spring
==>  Preparing: SELECT id,username,password,name,email,phone,avatar,role_ids,status,last_login_time,last_login_ip,created_by,created_at,updated_by,updated_at,deleted FROM t_user WHERE deleted=0 AND (username = ?)
==> Parameters: admin(String)
<==    Columns: id, username, password, name, email, phone, avatar, role_ids, status, last_login_time, last_login_ip, created_by, created_at, updated_by, updated_at, deleted
<==        Row: 1, admin, admin123, 系统管理员, admin@example.com, null, null, 1, 1, null, null, null, 2026-03-23 13:00:27, null, 2026-03-24 15:26:43, 0
<==      Total: 1
Closing non transactional SqlSession [org.apache.ibatis.session.defaults.DefaultSqlSession@5db83d16]
2026-03-26 16:28:47 [http-nio-8080-exec-3] DEBUG org.springframework.security.web.FilterChainProxy - Secured GET /devices?pageNum=1&pageSize=10&keyword=
Creating a new SqlSession
SqlSession [org.apache.ibatis.session.defaults.DefaultSqlSession@215a40c] was not registered for synchronization because synchronization is not active
JDBC Connection [HikariProxyConnection@1502571310 wrapping com.mysql.cj.jdbc.ConnectionImpl@1ae0aa55] will not be managed by Spring
==>  Preparing: SELECT COUNT(*) AS total FROM t_device WHERE deleted = 0
==> Parameters: 
<==    Columns: total
<==        Row: 0
<==      Total: 1
Closing non transactional SqlSession [org.apache.ibatis.session.defaults.DefaultSqlSession@215a40c]
2026-03-26 16:28:48 [http-nio-8080-exec-4] DEBUG org.springframework.security.web.FilterChainProxy - Securing GET /processes?pageNum=1&pageSize=10&keyword=
Creating a new SqlSession
SqlSession [org.apache.ibatis.session.defaults.DefaultSqlSession@650df614] was not registered for synchronization because synchronization is not active
JDBC Connection [HikariProxyConnection@1708215043 wrapping com.mysql.cj.jdbc.ConnectionImpl@1ae0aa55] will not be managed by Spring
==>  Preparing: SELECT id,username,password,name,email,phone,avatar,role_ids,status,last_login_time,last_login_ip,created_by,created_at,updated_by,updated_at,deleted FROM t_user WHERE deleted=0 AND (username = ?)
==> Parameters: admin(String)
<==    Columns: id, username, password, name, email, phone, avatar, role_ids, status, last_login_time, last_login_ip, created_by, created_at, updated_by, updated_at, deleted
<==        Row: 1, admin, admin123, 系统管理员, admin@example.com, null, null, 1, 1, null, null, null, 2026-03-23 13:00:27, null, 2026-03-24 15:26:43, 0
<==      Total: 1
Closing non transactional SqlSession [org.apache.ibatis.session.defaults.DefaultSqlSession@650df614]
2026-03-26 16:28:48 [http-nio-8080-exec-4] DEBUG org.springframework.security.web.FilterChainProxy - Secured GET /processes?pageNum=1&pageSize=10&keyword=
Creating a new SqlSession
SqlSession [org.apache.ibatis.session.defaults.DefaultSqlSession@346040af] was not registered for synchronization because synchronization is not active
JDBC Connection [HikariProxyConnection@1370583275 wrapping com.mysql.cj.jdbc.ConnectionImpl@1ae0aa55] will not be managed by Spring
==>  Preparing: SELECT COUNT(*) AS total FROM t_process WHERE deleted = 0
==> Parameters: 
<==    Columns: total
<==        Row: 0
<==      Total: 1
Closing non transactional SqlSession [org.apache.ibatis.session.defaults.DefaultSqlSession@346040af]
2026-03-26 16:28:49 [http-nio-8080-exec-5] DEBUG org.springframework.security.web.FilterChainProxy - Securing GET /workshops?pageNum=1&pageSize=10&keyword=
Creating a new SqlSession
SqlSession [org.apache.ibatis.session.defaults.DefaultSqlSession@15571109] was not registered for synchronization because synchronization is not active
JDBC Connection [HikariProxyConnection@430624294 wrapping com.mysql.cj.jdbc.ConnectionImpl@1ae0aa55] will not be managed by Spring
==>  Preparing: SELECT id,username,password,name,email,phone,avatar,role_ids,status,last_login_time,last_login_ip,created_by,created_at,updated_by,updated_at,deleted FROM t_user WHERE deleted=0 AND (username = ?)
==> Parameters: admin(String)
<==    Columns: id, username, password, name, email, phone, avatar, role_ids, status, last_login_time, last_login_ip, created_by, created_at, updated_by, updated_at, deleted
<==        Row: 1, admin, admin123, 系统管理员, admin@example.com, null, null, 1, 1, null, null, null, 2026-03-23 13:00:27, null, 2026-03-24 15:26:43, 0
<==      Total: 1
Closing non transactional SqlSession [org.apache.ibatis.session.defaults.DefaultSqlSession@15571109]
2026-03-26 16:28:49 [http-nio-8080-exec-5] DEBUG org.springframework.security.web.FilterChainProxy - Secured GET /workshops?pageNum=1&pageSize=10&keyword=
Creating a new SqlSession
SqlSession [org.apache.ibatis.session.defaults.DefaultSqlSession@53829ed6] was not registered for synchronization because synchronization is not active
JDBC Connection [HikariProxyConnection@828647664 wrapping com.mysql.cj.jdbc.ConnectionImpl@1ae0aa55] will not be managed by Spring
==>  Preparing: SELECT COUNT(*) AS total FROM t_workshop WHERE deleted = 0
==> Parameters: 
<==    Columns: total
<==        Row: 0
<==      Total: 1
Closing non transactional SqlSession [org.apache.ibatis.session.defaults.DefaultSqlSession@53829ed6]
2026-03-26 16:28:49 [http-nio-8080-exec-7] DEBUG org.springframework.security.web.FilterChainProxy - Securing GET /users?pageNum=1&pageSize=10&keyword=
Creating a new SqlSession
SqlSession [org.apache.ibatis.session.defaults.DefaultSqlSession@692fce39] was not registered for synchronization because synchronization is not active
JDBC Connection [HikariProxyConnection@578250789 wrapping com.mysql.cj.jdbc.ConnectionImpl@1ae0aa55] will not be managed by Spring
==>  Preparing: SELECT id,username,password,name,email,phone,avatar,role_ids,status,last_login_time,last_login_ip,created_by,created_at,updated_by,updated_at,deleted FROM t_user WHERE deleted=0 AND (username = ?)
==> Parameters: admin(String)
<==    Columns: id, username, password, name, email, phone, avatar, role_ids, status, last_login_time, last_login_ip, created_by, created_at, updated_by, updated_at, deleted
<==        Row: 1, admin, admin123, 系统管理员, admin@example.com, null, null, 1, 1, null, null, null, 2026-03-23 13:00:27, null, 2026-03-24 15:26:43, 0
<==      Total: 1
Closing non transactional SqlSession [org.apache.ibatis.session.defaults.DefaultSqlSession@692fce39]
2026-03-26 16:28:49 [http-nio-8080-exec-7] DEBUG org.springframework.security.web.FilterChainProxy - Secured GET /users?pageNum=1&pageSize=10&keyword=
Creating a new SqlSession
SqlSession [org.apache.ibatis.session.defaults.DefaultSqlSession@7301c575] was not registered for synchronization because synchronization is not active
JDBC Connection [HikariProxyConnection@2103962054 wrapping com.mysql.cj.jdbc.ConnectionImpl@1ae0aa55] will not be managed by Spring
==>  Preparing: SELECT COUNT(*) AS total FROM t_user WHERE deleted = 0
==> Parameters: 
<==    Columns: total
<==        Row: 1
<==      Total: 1
==>  Preparing: SELECT id,username,password,name,email,phone,avatar,role_ids,status,last_login_time,last_login_ip,created_by,created_at,updated_by,updated_at,deleted FROM t_user WHERE deleted=0 ORDER BY created_at DESC LIMIT ?
==> Parameters: 10(Long)
<==    Columns: id, username, password, name, email, phone, avatar, role_ids, status, last_login_time, last_login_ip, created_by, created_at, updated_by, updated_at, deleted
<==        Row: 1, admin, admin123, 系统管理员, admin@example.com, null, null, 1, 1, null, null, null, 2026-03-23 13:00:27, null, 2026-03-24 15:26:43, 0
<==      Total: 1
Closing non transactional SqlSession [org.apache.ibatis.session.defaults.DefaultSqlSession@7301c575]
2026-03-26 16:28:50 [http-nio-8080-exec-6] DEBUG org.springframework.security.web.FilterChainProxy - Securing GET /processes?pageNum=1&pageSize=10&keyword=
Creating a new SqlSession
SqlSession [org.apache.ibatis.session.defaults.DefaultSqlSession@64dbcda3] was not registered for synchronization because synchronization is not active
JDBC Connection [HikariProxyConnection@1301438903 wrapping com.mysql.cj.jdbc.ConnectionImpl@1ae0aa55] will not be managed by Spring
==>  Preparing: SELECT id,username,password,name,email,phone,avatar,role_ids,status,last_login_time,last_login_ip,created_by,created_at,updated_by,updated_at,deleted FROM t_user WHERE deleted=0 AND (username = ?)
==> Parameters: admin(String)
<==    Columns: id, username, password, name, email, phone, avatar, role_ids, status, last_login_time, last_login_ip, created_by, created_at, updated_by, updated_at, deleted
<==        Row: 1, admin, admin123, 系统管理员, admin@example.com, null, null, 1, 1, null, null, null, 2026-03-23 13:00:27, null, 2026-03-24 15:26:43, 0
<==      Total: 1
Closing non transactional SqlSession [org.apache.ibatis.session.defaults.DefaultSqlSession@64dbcda3]
2026-03-26 16:28:50 [http-nio-8080-exec-6] DEBUG org.springframework.security.web.FilterChainProxy - Secured GET /processes?pageNum=1&pageSize=10&keyword=
Creating a new SqlSession
SqlSession [org.apache.ibatis.session.defaults.DefaultSqlSession@7da169aa] was not registered for synchronization because synchronization is not active
JDBC Connection [HikariProxyConnection@426531827 wrapping com.mysql.cj.jdbc.ConnectionImpl@1ae0aa55] will not be managed by Spring
==>  Preparing: SELECT COUNT(*) AS total FROM t_process WHERE deleted = 0
==> Parameters: 
<==    Columns: total
<==        Row: 0
<==      Total: 1
Closing non transactional SqlSession [org.apache.ibatis.session.defaults.DefaultSqlSession@7da169aa]
2026-03-26 16:28:50 [http-nio-8080-exec-8] DEBUG org.springframework.security.web.FilterChainProxy - Securing GET /projects?pageNum=1&pageSize=10&keyword=&stage=
Creating a new SqlSession
SqlSession [org.apache.ibatis.session.defaults.DefaultSqlSession@21bf223] was not registered for synchronization because synchronization is not active
JDBC Connection [HikariProxyConnection@184811982 wrapping com.mysql.cj.jdbc.ConnectionImpl@1ae0aa55] will not be managed by Spring
==>  Preparing: SELECT id,username,password,name,email,phone,avatar,role_ids,status,last_login_time,last_login_ip,created_by,created_at,updated_by,updated_at,deleted FROM t_user WHERE deleted=0 AND (username = ?)
==> Parameters: admin(String)
<==    Columns: id, username, password, name, email, phone, avatar, role_ids, status, last_login_time, last_login_ip, created_by, created_at, updated_by, updated_at, deleted
<==        Row: 1, admin, admin123, 系统管理员, admin@example.com, null, null, 1, 1, null, null, null, 2026-03-23 13:00:27, null, 2026-03-24 15:26:43, 0
<==      Total: 1
Closing non transactional SqlSession [org.apache.ibatis.session.defaults.DefaultSqlSession@21bf223]
2026-03-26 16:28:50 [http-nio-8080-exec-8] DEBUG org.springframework.security.web.FilterChainProxy - Secured GET /projects?pageNum=1&pageSize=10&keyword=&stage=
Creating a new SqlSession
SqlSession [org.apache.ibatis.session.defaults.DefaultSqlSession@1ff29878] was not registered for synchronization because synchronization is not active
JDBC Connection [HikariProxyConnection@1877565957 wrapping com.mysql.cj.jdbc.ConnectionImpl@1ae0aa55] will not be managed by Spring
==>  Preparing: SELECT COUNT(*) AS total FROM t_project WHERE deleted = 0
==> Parameters: 
<==    Columns: total
<==        Row: 0
<==      Total: 1
Closing non transactional SqlSession [org.apache.ibatis.session.defaults.DefaultSqlSession@1ff29878]
2026-03-26 16:29:10 [http-nio-8080-exec-9] DEBUG org.springframework.security.web.FilterChainProxy - Securing POST /auth/login
2026-03-26 16:29:10 [http-nio-8080-exec-9] DEBUG o.s.s.w.a.AnonymousAuthenticationFilter - Set SecurityContextHolder to anonymous SecurityContext
2026-03-26 16:29:10 [http-nio-8080-exec-9] DEBUG org.springframework.security.web.FilterChainProxy - Secured POST /auth/login
Creating a new SqlSession
SqlSession [org.apache.ibatis.session.defaults.DefaultSqlSession@1b38ae9c] was not registered for synchronization because synchronization is not active
JDBC Connection [HikariProxyConnection@1185200573 wrapping com.mysql.cj.jdbc.ConnectionImpl@1ae0aa55] will not be managed by Spring
==>  Preparing: SELECT id,username,password,name,email,phone,avatar,role_ids,status,last_login_time,last_login_ip,created_by,created_at,updated_by,updated_at,deleted FROM t_user WHERE deleted=0 AND (username = ?)
==> Parameters: admin(String)
<==    Columns: id, username, password, name, email, phone, avatar, role_ids, status, last_login_time, last_login_ip, created_by, created_at, updated_by, updated_at, deleted
<==        Row: 1, admin, admin123, 系统管理员, admin@example.com, null, null, 1, 1, null, null, null, 2026-03-23 13:00:27, null, 2026-03-24 15:26:43, 0
<==      Total: 1
Closing non transactional SqlSession [org.apache.ibatis.session.defaults.DefaultSqlSession@1b38ae9c]
2026-03-26 16:29:10 [http-nio-8080-exec-9] DEBUG o.s.s.authentication.dao.DaoAuthenticationProvider - Authenticated user
Creating a new SqlSession
SqlSession [org.apache.ibatis.session.defaults.DefaultSqlSession@b1b378a] was not registered for synchronization because synchronization is not active
JDBC Connection [HikariProxyConnection@1435055163 wrapping com.mysql.cj.jdbc.ConnectionImpl@1ae0aa55] will not be managed by Spring
==>  Preparing: SELECT id,username,password,name,email,phone,avatar,role_ids,status,last_login_time,last_login_ip,created_by,created_at,updated_by,updated_at,deleted FROM t_user WHERE deleted=0 AND (username = ?)
==> Parameters: admin(String)
<==    Columns: id, username, password, name, email, phone, avatar, role_ids, status, last_login_time, last_login_ip, created_by, created_at, updated_by, updated_at, deleted
<==        Row: 1, admin, admin123, 系统管理员, admin@example.com, null, null, 1, 1, null, null, null, 2026-03-23 13:00:27, null, 2026-03-24 15:26:43, 0
<==      Total: 1
Closing non transactional SqlSession [org.apache.ibatis.session.defaults.DefaultSqlSession@b1b378a]
2026-03-26 16:29:11 [http-nio-8080-exec-10] DEBUG org.springframework.security.web.FilterChainProxy - Securing GET /projects?pageNum=1&pageSize=10&keyword=&stage=
Creating a new SqlSession
SqlSession [org.apache.ibatis.session.defaults.DefaultSqlSession@d38eeae] was not registered for synchronization because synchronization is not active
JDBC Connection [HikariProxyConnection@258222320 wrapping com.mysql.cj.jdbc.ConnectionImpl@1ae0aa55] will not be managed by Spring
==>  Preparing: SELECT id,username,password,name,email,phone,avatar,role_ids,status,last_login_time,last_login_ip,created_by,created_at,updated_by,updated_at,deleted FROM t_user WHERE deleted=0 AND (username = ?)
==> Parameters: admin(String)
<==    Columns: id, username, password, name, email, phone, avatar, role_ids, status, last_login_time, last_login_ip, created_by, created_at, updated_by, updated_at, deleted
<==        Row: 1, admin, admin123, 系统管理员, admin@example.com, null, null, 1, 1, null, null, null, 2026-03-23 13:00:27, null, 2026-03-24 15:26:43, 0
<==      Total: 1
Closing non transactional SqlSession [org.apache.ibatis.session.defaults.DefaultSqlSession@d38eeae]
2026-03-26 16:29:11 [http-nio-8080-exec-10] DEBUG org.springframework.security.web.FilterChainProxy - Secured GET /projects?pageNum=1&pageSize=10&keyword=&stage=
Creating a new SqlSession
SqlSession [org.apache.ibatis.session.defaults.DefaultSqlSession@610e89ba] was not registered for synchronization because synchronization is not active
JDBC Connection [HikariProxyConnection@92588162 wrapping com.mysql.cj.jdbc.ConnectionImpl@1ae0aa55] will not be managed by Spring
==>  Preparing: SELECT COUNT(*) AS total FROM t_project WHERE deleted = 0
==> Parameters: 
<==    Columns: total
<==        Row: 0
<==      Total: 1
Closing non transactional SqlSession [org.apache.ibatis.session.defaults.DefaultSqlSession@610e89ba]
2026-03-26 16:31:08 [http-nio-8080-exec-1] DEBUG org.springframework.security.web.FilterChainProxy - Securing GET /devices?pageNum=1&pageSize=10&keyword=
Creating a new SqlSession
SqlSession [org.apache.ibatis.session.defaults.DefaultSqlSession@4834433b] was not registered for synchronization because synchronization is not active
JDBC Connection [HikariProxyConnection@663623578 wrapping com.mysql.cj.jdbc.ConnectionImpl@1ae0aa55] will not be managed by Spring
==>  Preparing: SELECT id,username,password,name,email,phone,avatar,role_ids,status,last_login_time,last_login_ip,created_by,created_at,updated_by,updated_at,deleted FROM t_user WHERE deleted=0 AND (username = ?)
==> Parameters: admin(String)
<==    Columns: id, username, password, name, email, phone, avatar, role_ids, status, last_login_time, last_login_ip, created_by, created_at, updated_by, updated_at, deleted
<==        Row: 1, admin, admin123, 系统管理员, admin@example.com, null, null, 1, 1, null, null, null, 2026-03-23 13:00:27, null, 2026-03-24 15:26:43, 0
<==      Total: 1
Closing non transactional SqlSession [org.apache.ibatis.session.defaults.DefaultSqlSession@4834433b]
2026-03-26 16:31:08 [http-nio-8080-exec-1] DEBUG org.springframework.security.web.FilterChainProxy - Secured GET /devices?pageNum=1&pageSize=10&keyword=
Creating a new SqlSession
SqlSession [org.apache.ibatis.session.defaults.DefaultSqlSession@5942ee88] was not registered for synchronization because synchronization is not active
JDBC Connection [HikariProxyConnection@890251424 wrapping com.mysql.cj.jdbc.ConnectionImpl@1ae0aa55] will not be managed by Spring
==>  Preparing: SELECT COUNT(*) AS total FROM t_device WHERE deleted = 0
==> Parameters: 
<==    Columns: total
<==        Row: 0
<==      Total: 1
Closing non transactional SqlSession [org.apache.ibatis.session.defaults.DefaultSqlSession@5942ee88]
2026-03-26 16:31:10 [http-nio-8080-exec-2] DEBUG org.springframework.security.web.FilterChainProxy - Securing GET /processes?pageNum=1&pageSize=10&keyword=
Creating a new SqlSession
SqlSession [org.apache.ibatis.session.defaults.DefaultSqlSession@39313622] was not registered for synchronization because synchronization is not active
JDBC Connection [HikariProxyConnection@1576607151 wrapping com.mysql.cj.jdbc.ConnectionImpl@1ae0aa55] will not be managed by Spring
==>  Preparing: SELECT id,username,password,name,email,phone,avatar,role_ids,status,last_login_time,last_login_ip,created_by,created_at,updated_by,updated_at,deleted FROM t_user WHERE deleted=0 AND (username = ?)
==> Parameters: admin(String)
<==    Columns: id, username, password, name, email, phone, avatar, role_ids, status, last_login_time, last_login_ip, created_by, created_at, updated_by, updated_at, deleted
<==        Row: 1, admin, admin123, 系统管理员, admin@example.com, null, null, 1, 1, null, null, null, 2026-03-23 13:00:27, null, 2026-03-24 15:26:43, 0
<==      Total: 1
Closing non transactional SqlSession [org.apache.ibatis.session.defaults.DefaultSqlSession@39313622]
2026-03-26 16:31:10 [http-nio-8080-exec-2] DEBUG org.springframework.security.web.FilterChainProxy - Secured GET /processes?pageNum=1&pageSize=10&keyword=
Creating a new SqlSession
SqlSession [org.apache.ibatis.session.defaults.DefaultSqlSession@10f84efc] was not registered for synchronization because synchronization is not active
JDBC Connection [HikariProxyConnection@902401844 wrapping com.mysql.cj.jdbc.ConnectionImpl@1ae0aa55] will not be managed by Spring
==>  Preparing: SELECT COUNT(*) AS total FROM t_process WHERE deleted = 0
==> Parameters: 
<==    Columns: total
<==        Row: 0
<==      Total: 1
Closing non transactional SqlSession [org.apache.ibatis.session.defaults.DefaultSqlSession@10f84efc]
2026-03-26 16:31:10 [http-nio-8080-exec-3] DEBUG org.springframework.security.web.FilterChainProxy - Securing GET /workshops?pageNum=1&pageSize=10&keyword=
Creating a new SqlSession
SqlSession [org.apache.ibatis.session.defaults.DefaultSqlSession@34e53c40] was not registered for synchronization because synchronization is not active
JDBC Connection [HikariProxyConnection@634197181 wrapping com.mysql.cj.jdbc.ConnectionImpl@1ae0aa55] will not be managed by Spring
==>  Preparing: SELECT id,username,password,name,email,phone,avatar,role_ids,status,last_login_time,last_login_ip,created_by,created_at,updated_by,updated_at,deleted FROM t_user WHERE deleted=0 AND (username = ?)
==> Parameters: admin(String)
<==    Columns: id, username, password, name, email, phone, avatar, role_ids, status, last_login_time, last_login_ip, created_by, created_at, updated_by, updated_at, deleted
<==        Row: 1, admin, admin123, 系统管理员, admin@example.com, null, null, 1, 1, null, null, null, 2026-03-23 13:00:27, null, 2026-03-24 15:26:43, 0
<==      Total: 1
Closing non transactional SqlSession [org.apache.ibatis.session.defaults.DefaultSqlSession@34e53c40]
2026-03-26 16:31:10 [http-nio-8080-exec-3] DEBUG org.springframework.security.web.FilterChainProxy - Secured GET /workshops?pageNum=1&pageSize=10&keyword=
Creating a new SqlSession
SqlSession [org.apache.ibatis.session.defaults.DefaultSqlSession@59b4e759] was not registered for synchronization because synchronization is not active
JDBC Connection [HikariProxyConnection@151735239 wrapping com.mysql.cj.jdbc.ConnectionImpl@1ae0aa55] will not be managed by Spring
==>  Preparing: SELECT COUNT(*) AS total FROM t_workshop WHERE deleted = 0
==> Parameters: 
<==    Columns: total
<==        Row: 0
<==      Total: 1
Closing non transactional SqlSession [org.apache.ibatis.session.defaults.DefaultSqlSession@59b4e759]
2026-03-26 16:35:29 [http-nio-8080-exec-4] DEBUG org.springframework.security.web.FilterChainProxy - Securing GET /projects?pageNum=1&pageSize=10&keyword=&stage=
Creating a new SqlSession
SqlSession [org.apache.ibatis.session.defaults.DefaultSqlSession@45e8b65c] was not registered for synchronization because synchronization is not active
JDBC Connection [HikariProxyConnection@2130701745 wrapping com.mysql.cj.jdbc.ConnectionImpl@1ae0aa55] will not be managed by Spring
==>  Preparing: SELECT id,username,password,name,email,phone,avatar,role_ids,status,last_login_time,last_login_ip,created_by,created_at,updated_by,updated_at,deleted FROM t_user WHERE deleted=0 AND (username = ?)
==> Parameters: admin(String)
<==    Columns: id, username, password, name, email, phone, avatar, role_ids, status, last_login_time, last_login_ip, created_by, created_at, updated_by, updated_at, deleted
<==        Row: 1, admin, admin123, 系统管理员, admin@example.com, null, null, 1, 1, null, null, null, 2026-03-23 13:00:27, null, 2026-03-24 15:26:43, 0
<==      Total: 1
Closing non transactional SqlSession [org.apache.ibatis.session.defaults.DefaultSqlSession@45e8b65c]
2026-03-26 16:35:29 [http-nio-8080-exec-4] DEBUG org.springframework.security.web.FilterChainProxy - Secured GET /projects?pageNum=1&pageSize=10&keyword=&stage=
Creating a new SqlSession
SqlSession [org.apache.ibatis.session.defaults.DefaultSqlSession@570d7a31] was not registered for synchronization because synchronization is not active
JDBC Connection [HikariProxyConnection@1455722996 wrapping com.mysql.cj.jdbc.ConnectionImpl@1ae0aa55] will not be managed by Spring
==>  Preparing: SELECT COUNT(*) AS total FROM t_project WHERE deleted = 0
==> Parameters: 
<==    Columns: total
<==        Row: 0
<==      Total: 1
Closing non transactional SqlSession [org.apache.ibatis.session.defaults.DefaultSqlSession@570d7a31]
2026-03-26 16:35:29 [http-nio-8080-exec-5] DEBUG org.springframework.security.web.FilterChainProxy - Securing GET /devices?pageNum=1&pageSize=10&keyword=
Creating a new SqlSession
SqlSession [org.apache.ibatis.session.defaults.DefaultSqlSession@614a77a5] was not registered for synchronization because synchronization is not active
JDBC Connection [HikariProxyConnection@1714714473 wrapping com.mysql.cj.jdbc.ConnectionImpl@1ae0aa55] will not be managed by Spring
==>  Preparing: SELECT id,username,password,name,email,phone,avatar,role_ids,status,last_login_time,last_login_ip,created_by,created_at,updated_by,updated_at,deleted FROM t_user WHERE deleted=0 AND (username = ?)
==> Parameters: admin(String)
<==    Columns: id, username, password, name, email, phone, avatar, role_ids, status, last_login_time, last_login_ip, created_by, created_at, updated_by, updated_at, deleted
<==        Row: 1, admin, admin123, 系统管理员, admin@example.com, null, null, 1, 1, null, null, null, 2026-03-23 13:00:27, null, 2026-03-24 15:26:43, 0
<==      Total: 1
Closing non transactional SqlSession [org.apache.ibatis.session.defaults.DefaultSqlSession@614a77a5]
2026-03-26 16:35:29 [http-nio-8080-exec-5] DEBUG org.springframework.security.web.FilterChainProxy - Secured GET /devices?pageNum=1&pageSize=10&keyword=
Creating a new SqlSession
SqlSession [org.apache.ibatis.session.defaults.DefaultSqlSession@16a07e17] was not registered for synchronization because synchronization is not active
JDBC Connection [HikariProxyConnection@1630499059 wrapping com.mysql.cj.jdbc.ConnectionImpl@1ae0aa55] will not be managed by Spring
==>  Preparing: SELECT COUNT(*) AS total FROM t_device WHERE deleted = 0
==> Parameters: 
<==    Columns: total
<==        Row: 0
<==      Total: 1
Closing non transactional SqlSession [org.apache.ibatis.session.defaults.DefaultSqlSession@16a07e17]
2026-03-26 16:35:29 [http-nio-8080-exec-7] DEBUG org.springframework.security.web.FilterChainProxy - Securing GET /processes?pageNum=1&pageSize=10&keyword=
Creating a new SqlSession
SqlSession [org.apache.ibatis.session.defaults.DefaultSqlSession@735e22cb] was not registered for synchronization because synchronization is not active
JDBC Connection [HikariProxyConnection@1331055689 wrapping com.mysql.cj.jdbc.ConnectionImpl@1ae0aa55] will not be managed by Spring
==>  Preparing: SELECT id,username,password,name,email,phone,avatar,role_ids,status,last_login_time,last_login_ip,created_by,created_at,updated_by,updated_at,deleted FROM t_user WHERE deleted=0 AND (username = ?)
==> Parameters: admin(String)
<==    Columns: id, username, password, name, email, phone, avatar, role_ids, status, last_login_time, last_login_ip, created_by, created_at, updated_by, updated_at, deleted
<==        Row: 1, admin, admin123, 系统管理员, admin@example.com, null, null, 1, 1, null, null, null, 2026-03-23 13:00:27, null, 2026-03-24 15:26:43, 0
<==      Total: 1
Closing non transactional SqlSession [org.apache.ibatis.session.defaults.DefaultSqlSession@735e22cb]
2026-03-26 16:35:29 [http-nio-8080-exec-7] DEBUG org.springframework.security.web.FilterChainProxy - Secured GET /processes?pageNum=1&pageSize=10&keyword=
Creating a new SqlSession
SqlSession [org.apache.ibatis.session.defaults.DefaultSqlSession@656a6af0] was not registered for synchronization because synchronization is not active
JDBC Connection [HikariProxyConnection@451508309 wrapping com.mysql.cj.jdbc.ConnectionImpl@1ae0aa55] will not be managed by Spring
==>  Preparing: SELECT COUNT(*) AS total FROM t_process WHERE deleted = 0
==> Parameters: 
<==    Columns: total
<==        Row: 0
<==      Total: 1
Closing non transactional SqlSession [org.apache.ibatis.session.defaults.DefaultSqlSession@656a6af0]
2026-03-26 16:35:30 [http-nio-8080-exec-6] DEBUG org.springframework.security.web.FilterChainProxy - Securing GET /users?pageNum=1&pageSize=10&keyword=
Creating a new SqlSession
SqlSession [org.apache.ibatis.session.defaults.DefaultSqlSession@151d8e27] was not registered for synchronization because synchronization is not active
JDBC Connection [HikariProxyConnection@2084619384 wrapping com.mysql.cj.jdbc.ConnectionImpl@1ae0aa55] will not be managed by Spring
==>  Preparing: SELECT id,username,password,name,email,phone,avatar,role_ids,status,last_login_time,last_login_ip,created_by,created_at,updated_by,updated_at,deleted FROM t_user WHERE deleted=0 AND (username = ?)
==> Parameters: admin(String)
<==    Columns: id, username, password, name, email, phone, avatar, role_ids, status, last_login_time, last_login_ip, created_by, created_at, updated_by, updated_at, deleted
<==        Row: 1, admin, admin123, 系统管理员, admin@example.com, null, null, 1, 1, null, null, null, 2026-03-23 13:00:27, null, 2026-03-24 15:26:43, 0
<==      Total: 1
Closing non transactional SqlSession [org.apache.ibatis.session.defaults.DefaultSqlSession@151d8e27]
2026-03-26 16:35:30 [http-nio-8080-exec-6] DEBUG org.springframework.security.web.FilterChainProxy - Secured GET /users?pageNum=1&pageSize=10&keyword=
Creating a new SqlSession
SqlSession [org.apache.ibatis.session.defaults.DefaultSqlSession@36141e58] was not registered for synchronization because synchronization is not active
JDBC Connection [HikariProxyConnection@890813575 wrapping com.mysql.cj.jdbc.ConnectionImpl@1ae0aa55] will not be managed by Spring
==>  Preparing: SELECT COUNT(*) AS total FROM t_user WHERE deleted = 0
==> Parameters: 
<==    Columns: total
<==        Row: 1
<==      Total: 1
==>  Preparing: SELECT id,username,password,name,email,phone,avatar,role_ids,status,last_login_time,last_login_ip,created_by,created_at,updated_by,updated_at,deleted FROM t_user WHERE deleted=0 ORDER BY created_at DESC LIMIT ?
==> Parameters: 10(Long)
<==    Columns: id, username, password, name, email, phone, avatar, role_ids, status, last_login_time, last_login_ip, created_by, created_at, updated_by, updated_at, deleted
<==        Row: 1, admin, admin123, 系统管理员, admin@example.com, null, null, 1, 1, null, null, null, 2026-03-23 13:00:27, null, 2026-03-24 15:26:43, 0
<==      Total: 1
Closing non transactional SqlSession [org.apache.ibatis.session.defaults.DefaultSqlSession@36141e58]
2026-03-26 16:35:31 [http-nio-8080-exec-8] DEBUG org.springframework.security.web.FilterChainProxy - Securing GET /workshops?pageNum=1&pageSize=10&keyword=
Creating a new SqlSession
SqlSession [org.apache.ibatis.session.defaults.DefaultSqlSession@56c19a75] was not registered for synchronization because synchronization is not active
JDBC Connection [HikariProxyConnection@74236293 wrapping com.mysql.cj.jdbc.ConnectionImpl@1ae0aa55] will not be managed by Spring
==>  Preparing: SELECT id,username,password,name,email,phone,avatar,role_ids,status,last_login_time,last_login_ip,created_by,created_at,updated_by,updated_at,deleted FROM t_user WHERE deleted=0 AND (username = ?)
==> Parameters: admin(String)
<==    Columns: id, username, password, name, email, phone, avatar, role_ids, status, last_login_time, last_login_ip, created_by, created_at, updated_by, updated_at, deleted
<==        Row: 1, admin, admin123, 系统管理员, admin@example.com, null, null, 1, 1, null, null, null, 2026-03-23 13:00:27, null, 2026-03-24 15:26:43, 0
<==      Total: 1
Closing non transactional SqlSession [org.apache.ibatis.session.defaults.DefaultSqlSession@56c19a75]
2026-03-26 16:35:31 [http-nio-8080-exec-8] DEBUG org.springframework.security.web.FilterChainProxy - Secured GET /workshops?pageNum=1&pageSize=10&keyword=
Creating a new SqlSession
SqlSession [org.apache.ibatis.session.defaults.DefaultSqlSession@76eb12c8] was not registered for synchronization because synchronization is not active
JDBC Connection [HikariProxyConnection@1310830762 wrapping com.mysql.cj.jdbc.ConnectionImpl@1ae0aa55] will not be managed by Spring
==>  Preparing: SELECT COUNT(*) AS total FROM t_workshop WHERE deleted = 0
==> Parameters: 
<==    Columns: total
<==        Row: 0
<==      Total: 1
Closing non transactional SqlSession [org.apache.ibatis.session.defaults.DefaultSqlSession@76eb12c8]
2026-03-26 16:35:31 [http-nio-8080-exec-9] DEBUG org.springframework.security.web.FilterChainProxy - Securing GET /processes?pageNum=1&pageSize=10&keyword=
Creating a new SqlSession
SqlSession [org.apache.ibatis.session.defaults.DefaultSqlSession@5479b92b] was not registered for synchronization because synchronization is not active
JDBC Connection [HikariProxyConnection@1493739288 wrapping com.mysql.cj.jdbc.ConnectionImpl@1ae0aa55] will not be managed by Spring
==>  Preparing: SELECT id,username,password,name,email,phone,avatar,role_ids,status,last_login_time,last_login_ip,created_by,created_at,updated_by,updated_at,deleted FROM t_user WHERE deleted=0 AND (username = ?)
==> Parameters: admin(String)
<==    Columns: id, username, password, name, email, phone, avatar, role_ids, status, last_login_time, last_login_ip, created_by, created_at, updated_by, updated_at, deleted
<==        Row: 1, admin, admin123, 系统管理员, admin@example.com, null, null, 1, 1, null, null, null, 2026-03-23 13:00:27, null, 2026-03-24 15:26:43, 0
<==      Total: 1
Closing non transactional SqlSession [org.apache.ibatis.session.defaults.DefaultSqlSession@5479b92b]
2026-03-26 16:35:31 [http-nio-8080-exec-9] DEBUG org.springframework.security.web.FilterChainProxy - Secured GET /processes?pageNum=1&pageSize=10&keyword=
Creating a new SqlSession
SqlSession [org.apache.ibatis.session.defaults.DefaultSqlSession@2fdc5e29] was not registered for synchronization because synchronization is not active
JDBC Connection [HikariProxyConnection@710495161 wrapping com.mysql.cj.jdbc.ConnectionImpl@1ae0aa55] will not be managed by Spring
==>  Preparing: SELECT COUNT(*) AS total FROM t_process WHERE deleted = 0
==> Parameters: 
<==    Columns: total
<==        Row: 0
<==      Total: 1
Closing non transactional SqlSession [org.apache.ibatis.session.defaults.DefaultSqlSession@2fdc5e29]
2026-03-26 16:35:32 [http-nio-8080-exec-10] DEBUG org.springframework.security.web.FilterChainProxy - Securing GET /devices?pageNum=1&pageSize=10&keyword=
Creating a new SqlSession
SqlSession [org.apache.ibatis.session.defaults.DefaultSqlSession@5e911a2e] was not registered for synchronization because synchronization is not active
JDBC Connection [HikariProxyConnection@1415160989 wrapping com.mysql.cj.jdbc.ConnectionImpl@1ae0aa55] will not be managed by Spring
==>  Preparing: SELECT id,username,password,name,email,phone,avatar,role_ids,status,last_login_time,last_login_ip,created_by,created_at,updated_by,updated_at,deleted FROM t_user WHERE deleted=0 AND (username = ?)
==> Parameters: admin(String)
<==    Columns: id, username, password, name, email, phone, avatar, role_ids, status, last_login_time, last_login_ip, created_by, created_at, updated_by, updated_at, deleted
<==        Row: 1, admin, admin123, 系统管理员, admin@example.com, null, null, 1, 1, null, null, null, 2026-03-23 13:00:27, null, 2026-03-24 15:26:43, 0
<==      Total: 1
Closing non transactional SqlSession [org.apache.ibatis.session.defaults.DefaultSqlSession@5e911a2e]
2026-03-26 16:35:32 [http-nio-8080-exec-10] DEBUG org.springframework.security.web.FilterChainProxy - Secured GET /devices?pageNum=1&pageSize=10&keyword=
Creating a new SqlSession
SqlSession [org.apache.ibatis.session.defaults.DefaultSqlSession@1e4f7204] was not registered for synchronization because synchronization is not active
JDBC Connection [HikariProxyConnection@1362977619 wrapping com.mysql.cj.jdbc.ConnectionImpl@1ae0aa55] will not be managed by Spring
==>  Preparing: SELECT COUNT(*) AS total FROM t_device WHERE deleted = 0
==> Parameters: 
<==    Columns: total
<==        Row: 0
<==      Total: 1
Closing non transactional SqlSession [org.apache.ibatis.session.defaults.DefaultSqlSession@1e4f7204]
2026-03-26 16:35:32 [http-nio-8080-exec-1] DEBUG org.springframework.security.web.FilterChainProxy - Securing GET /projects?pageNum=1&pageSize=10&keyword=&stage=
Creating a new SqlSession
SqlSession [org.apache.ibatis.session.defaults.DefaultSqlSession@1a87c70d] was not registered for synchronization because synchronization is not active
JDBC Connection [HikariProxyConnection@135250746 wrapping com.mysql.cj.jdbc.ConnectionImpl@1ae0aa55] will not be managed by Spring
==>  Preparing: SELECT id,username,password,name,email,phone,avatar,role_ids,status,last_login_time,last_login_ip,created_by,created_at,updated_by,updated_at,deleted FROM t_user WHERE deleted=0 AND (username = ?)
==> Parameters: admin(String)
<==    Columns: id, username, password, name, email, phone, avatar, role_ids, status, last_login_time, last_login_ip, created_by, created_at, updated_by, updated_at, deleted
<==        Row: 1, admin, admin123, 系统管理员, admin@example.com, null, null, 1, 1, null, null, null, 2026-03-23 13:00:27, null, 2026-03-24 15:26:43, 0
<==      Total: 1
Closing non transactional SqlSession [org.apache.ibatis.session.defaults.DefaultSqlSession@1a87c70d]
2026-03-26 16:35:32 [http-nio-8080-exec-1] DEBUG org.springframework.security.web.FilterChainProxy - Secured GET /projects?pageNum=1&pageSize=10&keyword=&stage=
Creating a new SqlSession
SqlSession [org.apache.ibatis.session.defaults.DefaultSqlSession@21690e19] was not registered for synchronization because synchronization is not active
JDBC Connection [HikariProxyConnection@1938956033 wrapping com.mysql.cj.jdbc.ConnectionImpl@1ae0aa55] will not be managed by Spring
==>  Preparing: SELECT COUNT(*) AS total FROM t_project WHERE deleted = 0
==> Parameters: 
<==    Columns: total
<==        Row: 0
<==      Total: 1
Closing non transactional SqlSession [org.apache.ibatis.session.defaults.DefaultSqlSession@21690e19]
2026-03-26 16:35:33 [http-nio-8080-exec-2] DEBUG org.springframework.security.web.FilterChainProxy - Securing GET /devices?pageNum=1&pageSize=10&keyword=
Creating a new SqlSession
SqlSession [org.apache.ibatis.session.defaults.DefaultSqlSession@3e9a9d29] was not registered for synchronization because synchronization is not active
JDBC Connection [HikariProxyConnection@1898696008 wrapping com.mysql.cj.jdbc.ConnectionImpl@1ae0aa55] will not be managed by Spring
==>  Preparing: SELECT id,username,password,name,email,phone,avatar,role_ids,status,last_login_time,last_login_ip,created_by,created_at,updated_by,updated_at,deleted FROM t_user WHERE deleted=0 AND (username = ?)
==> Parameters: admin(String)
<==    Columns: id, username, password, name, email, phone, avatar, role_ids, status, last_login_time, last_login_ip, created_by, created_at, updated_by, updated_at, deleted
<==        Row: 1, admin, admin123, 系统管理员, admin@example.com, null, null, 1, 1, null, null, null, 2026-03-23 13:00:27, null, 2026-03-24 15:26:43, 0
<==      Total: 1
Closing non transactional SqlSession [org.apache.ibatis.session.defaults.DefaultSqlSession@3e9a9d29]
2026-03-26 16:35:33 [http-nio-8080-exec-2] DEBUG org.springframework.security.web.FilterChainProxy - Secured GET /devices?pageNum=1&pageSize=10&keyword=
Creating a new SqlSession
SqlSession [org.apache.ibatis.session.defaults.DefaultSqlSession@7e36ed83] was not registered for synchronization because synchronization is not active
JDBC Connection [HikariProxyConnection@1002543849 wrapping com.mysql.cj.jdbc.ConnectionImpl@1ae0aa55] will not be managed by Spring
==>  Preparing: SELECT COUNT(*) AS total FROM t_device WHERE deleted = 0
==> Parameters: 
<==    Columns: total
<==        Row: 0
<==      Total: 1
Closing non transactional SqlSession [org.apache.ibatis.session.defaults.DefaultSqlSession@7e36ed83]
2026-03-26 16:35:33 [http-nio-8080-exec-3] DEBUG org.springframework.security.web.FilterChainProxy - Securing GET /processes?pageNum=1&pageSize=10&keyword=
Creating a new SqlSession
SqlSession [org.apache.ibatis.session.defaults.DefaultSqlSession@508e108b] was not registered for synchronization because synchronization is not active
JDBC Connection [HikariProxyConnection@1974151172 wrapping com.mysql.cj.jdbc.ConnectionImpl@1ae0aa55] will not be managed by Spring
==>  Preparing: SELECT id,username,password,name,email,phone,avatar,role_ids,status,last_login_time,last_login_ip,created_by,created_at,updated_by,updated_at,deleted FROM t_user WHERE deleted=0 AND (username = ?)
==> Parameters: admin(String)
<==    Columns: id, username, password, name, email, phone, avatar, role_ids, status, last_login_time, last_login_ip, created_by, created_at, updated_by, updated_at, deleted
<==        Row: 1, admin, admin123, 系统管理员, admin@example.com, null, null, 1, 1, null, null, null, 2026-03-23 13:00:27, null, 2026-03-24 15:26:43, 0
<==      Total: 1
Closing non transactional SqlSession [org.apache.ibatis.session.defaults.DefaultSqlSession@508e108b]
2026-03-26 16:35:33 [http-nio-8080-exec-3] DEBUG org.springframework.security.web.FilterChainProxy - Secured GET /processes?pageNum=1&pageSize=10&keyword=
Creating a new SqlSession
SqlSession [org.apache.ibatis.session.defaults.DefaultSqlSession@33a56050] was not registered for synchronization because synchronization is not active
JDBC Connection [HikariProxyConnection@1061733786 wrapping com.mysql.cj.jdbc.ConnectionImpl@1ae0aa55] will not be managed by Spring
==>  Preparing: SELECT COUNT(*) AS total FROM t_process WHERE deleted = 0
==> Parameters: 
<==    Columns: total
<==        Row: 0
<==      Total: 1
Closing non transactional SqlSession [org.apache.ibatis.session.defaults.DefaultSqlSession@33a56050]
2026-03-26 16:35:33 [http-nio-8080-exec-4] DEBUG org.springframework.security.web.FilterChainProxy - Securing GET /workshops?pageNum=1&pageSize=10&keyword=
Creating a new SqlSession
SqlSession [org.apache.ibatis.session.defaults.DefaultSqlSession@6e829be6] was not registered for synchronization because synchronization is not active
JDBC Connection [HikariProxyConnection@1146015980 wrapping com.mysql.cj.jdbc.ConnectionImpl@1ae0aa55] will not be managed by Spring
==>  Preparing: SELECT id,username,password,name,email,phone,avatar,role_ids,status,last_login_time,last_login_ip,created_by,created_at,updated_by,updated_at,deleted FROM t_user WHERE deleted=0 AND (username = ?)
==> Parameters: admin(String)
<==    Columns: id, username, password, name, email, phone, avatar, role_ids, status, last_login_time, last_login_ip, created_by, created_at, updated_by, updated_at, deleted
<==        Row: 1, admin, admin123, 系统管理员, admin@example.com, null, null, 1, 1, null, null, null, 2026-03-23 13:00:27, null, 2026-03-24 15:26:43, 0
<==      Total: 1
Closing non transactional SqlSession [org.apache.ibatis.session.defaults.DefaultSqlSession@6e829be6]
2026-03-26 16:35:33 [http-nio-8080-exec-4] DEBUG org.springframework.security.web.FilterChainProxy - Secured GET /workshops?pageNum=1&pageSize=10&keyword=
Creating a new SqlSession
SqlSession [org.apache.ibatis.session.defaults.DefaultSqlSession@1a1ed063] was not registered for synchronization because synchronization is not active
JDBC Connection [HikariProxyConnection@1380073510 wrapping com.mysql.cj.jdbc.ConnectionImpl@1ae0aa55] will not be managed by Spring
==>  Preparing: SELECT COUNT(*) AS total FROM t_workshop WHERE deleted = 0
==> Parameters: 
<==    Columns: total
<==        Row: 0
<==      Total: 1
Closing non transactional SqlSession [org.apache.ibatis.session.defaults.DefaultSqlSession@1a1ed063]
2026-03-26 16:35:34 [http-nio-8080-exec-5] DEBUG org.springframework.security.web.FilterChainProxy - Securing GET /users?pageNum=1&pageSize=10&keyword=
Creating a new SqlSession
SqlSession [org.apache.ibatis.session.defaults.DefaultSqlSession@29dac631] was not registered for synchronization because synchronization is not active
JDBC Connection [HikariProxyConnection@427942721 wrapping com.mysql.cj.jdbc.ConnectionImpl@1ae0aa55] will not be managed by Spring
==>  Preparing: SELECT id,username,password,name,email,phone,avatar,role_ids,status,last_login_time,last_login_ip,created_by,created_at,updated_by,updated_at,deleted FROM t_user WHERE deleted=0 AND (username = ?)
==> Parameters: admin(String)
<==    Columns: id, username, password, name, email, phone, avatar, role_ids, status, last_login_time, last_login_ip, created_by, created_at, updated_by, updated_at, deleted
<==        Row: 1, admin, admin123, 系统管理员, admin@example.com, null, null, 1, 1, null, null, null, 2026-03-23 13:00:27, null, 2026-03-24 15:26:43, 0
<==      Total: 1
Closing non transactional SqlSession [org.apache.ibatis.session.defaults.DefaultSqlSession@29dac631]
2026-03-26 16:35:34 [http-nio-8080-exec-5] DEBUG org.springframework.security.web.FilterChainProxy - Secured GET /users?pageNum=1&pageSize=10&keyword=
Creating a new SqlSession
SqlSession [org.apache.ibatis.session.defaults.DefaultSqlSession@53010148] was not registered for synchronization because synchronization is not active
JDBC Connection [HikariProxyConnection@974707567 wrapping com.mysql.cj.jdbc.ConnectionImpl@1ae0aa55] will not be managed by Spring
==>  Preparing: SELECT COUNT(*) AS total FROM t_user WHERE deleted = 0
==> Parameters: 
<==    Columns: total
<==        Row: 1
<==      Total: 1
==>  Preparing: SELECT id,username,password,name,email,phone,avatar,role_ids,status,last_login_time,last_login_ip,created_by,created_at,updated_by,updated_at,deleted FROM t_user WHERE deleted=0 ORDER BY created_at DESC LIMIT ?
==> Parameters: 10(Long)
<==    Columns: id, username, password, name, email, phone, avatar, role_ids, status, last_login_time, last_login_ip, created_by, created_at, updated_by, updated_at, deleted
<==        Row: 1, admin, admin123, 系统管理员, admin@example.com, null, null, 1, 1, null, null, null, 2026-03-23 13:00:27, null, 2026-03-24 15:26:43, 0
<==      Total: 1
Closing non transactional SqlSession [org.apache.ibatis.session.defaults.DefaultSqlSession@53010148]
2026-03-26 16:35:34 [http-nio-8080-exec-7] DEBUG org.springframework.security.web.FilterChainProxy - Securing GET /workshops?pageNum=1&pageSize=10&keyword=
Creating a new SqlSession
SqlSession [org.apache.ibatis.session.defaults.DefaultSqlSession@5b25e2b4] was not registered for synchronization because synchronization is not active
JDBC Connection [HikariProxyConnection@326695132 wrapping com.mysql.cj.jdbc.ConnectionImpl@1ae0aa55] will not be managed by Spring
==>  Preparing: SELECT id,username,password,name,email,phone,avatar,role_ids,status,last_login_time,last_login_ip,created_by,created_at,updated_by,updated_at,deleted FROM t_user WHERE deleted=0 AND (username = ?)
==> Parameters: admin(String)
<==    Columns: id, username, password, name, email, phone, avatar, role_ids, status, last_login_time, last_login_ip, created_by, created_at, updated_by, updated_at, deleted
<==        Row: 1, admin, admin123, 系统管理员, admin@example.com, null, null, 1, 1, null, null, null, 2026-03-23 13:00:27, null, 2026-03-24 15:26:43, 0
<==      Total: 1
Closing non transactional SqlSession [org.apache.ibatis.session.defaults.DefaultSqlSession@5b25e2b4]
2026-03-26 16:35:34 [http-nio-8080-exec-7] DEBUG org.springframework.security.web.FilterChainProxy - Secured GET /workshops?pageNum=1&pageSize=10&keyword=
Creating a new SqlSession
SqlSession [org.apache.ibatis.session.defaults.DefaultSqlSession@7f019f7] was not registered for synchronization because synchronization is not active
JDBC Connection [HikariProxyConnection@668910413 wrapping com.mysql.cj.jdbc.ConnectionImpl@1ae0aa55] will not be managed by Spring
==>  Preparing: SELECT COUNT(*) AS total FROM t_workshop WHERE deleted = 0
==> Parameters: 
<==    Columns: total
<==        Row: 0
<==      Total: 1
Closing non transactional SqlSession [org.apache.ibatis.session.defaults.DefaultSqlSession@7f019f7]
2026-03-26 16:35:35 [http-nio-8080-exec-6] DEBUG org.springframework.security.web.FilterChainProxy - Securing GET /processes?pageNum=1&pageSize=10&keyword=
Creating a new SqlSession
SqlSession [org.apache.ibatis.session.defaults.DefaultSqlSession@270ff210] was not registered for synchronization because synchronization is not active
JDBC Connection [HikariProxyConnection@787419713 wrapping com.mysql.cj.jdbc.ConnectionImpl@1ae0aa55] will not be managed by Spring
==>  Preparing: SELECT id,username,password,name,email,phone,avatar,role_ids,status,last_login_time,last_login_ip,created_by,created_at,updated_by,updated_at,deleted FROM t_user WHERE deleted=0 AND (username = ?)
==> Parameters: admin(String)
<==    Columns: id, username, password, name, email, phone, avatar, role_ids, status, last_login_time, last_login_ip, created_by, created_at, updated_by, updated_at, deleted
<==        Row: 1, admin, admin123, 系统管理员, admin@example.com, null, null, 1, 1, null, null, null, 2026-03-23 13:00:27, null, 2026-03-24 15:26:43, 0
<==      Total: 1
Closing non transactional SqlSession [org.apache.ibatis.session.defaults.DefaultSqlSession@270ff210]
2026-03-26 16:35:35 [http-nio-8080-exec-6] DEBUG org.springframework.security.web.FilterChainProxy - Secured GET /processes?pageNum=1&pageSize=10&keyword=
Creating a new SqlSession
SqlSession [org.apache.ibatis.session.defaults.DefaultSqlSession@6f8e3583] was not registered for synchronization because synchronization is not active
JDBC Connection [HikariProxyConnection@1633854642 wrapping com.mysql.cj.jdbc.ConnectionImpl@1ae0aa55] will not be managed by Spring
==>  Preparing: SELECT COUNT(*) AS total FROM t_process WHERE deleted = 0
==> Parameters: 
<==    Columns: total
<==        Row: 0
<==      Total: 1
Closing non transactional SqlSession [org.apache.ibatis.session.defaults.DefaultSqlSession@6f8e3583]
2026-03-26 16:35:35 [http-nio-8080-exec-8] DEBUG org.springframework.security.web.FilterChainProxy - Securing GET /devices?pageNum=1&pageSize=10&keyword=
Creating a new SqlSession
SqlSession [org.apache.ibatis.session.defaults.DefaultSqlSession@17096ac0] was not registered for synchronization because synchronization is not active
JDBC Connection [HikariProxyConnection@97192769 wrapping com.mysql.cj.jdbc.ConnectionImpl@1ae0aa55] will not be managed by Spring
==>  Preparing: SELECT id,username,password,name,email,phone,avatar,role_ids,status,last_login_time,last_login_ip,created_by,created_at,updated_by,updated_at,deleted FROM t_user WHERE deleted=0 AND (username = ?)
==> Parameters: admin(String)
<==    Columns: id, username, password, name, email, phone, avatar, role_ids, status, last_login_time, last_login_ip, created_by, created_at, updated_by, updated_at, deleted
<==        Row: 1, admin, admin123, 系统管理员, admin@example.com, null, null, 1, 1, null, null, null, 2026-03-23 13:00:27, null, 2026-03-24 15:26:43, 0
<==      Total: 1
Closing non transactional SqlSession [org.apache.ibatis.session.defaults.DefaultSqlSession@17096ac0]
2026-03-26 16:35:35 [http-nio-8080-exec-8] DEBUG org.springframework.security.web.FilterChainProxy - Secured GET /devices?pageNum=1&pageSize=10&keyword=
Creating a new SqlSession
SqlSession [org.apache.ibatis.session.defaults.DefaultSqlSession@5c3cc2bc] was not registered for synchronization because synchronization is not active
JDBC Connection [HikariProxyConnection@1576234708 wrapping com.mysql.cj.jdbc.ConnectionImpl@1ae0aa55] will not be managed by Spring
==>  Preparing: SELECT COUNT(*) AS total FROM t_device WHERE deleted = 0
==> Parameters: 
<==    Columns: total
<==        Row: 0
<==      Total: 1
Closing non transactional SqlSession [org.apache.ibatis.session.defaults.DefaultSqlSession@5c3cc2bc]
2026-03-26 16:35:35 [http-nio-8080-exec-9] DEBUG org.springframework.security.web.FilterChainProxy - Securing GET /projects?pageNum=1&pageSize=10&keyword=&stage=
Creating a new SqlSession
SqlSession [org.apache.ibatis.session.defaults.DefaultSqlSession@536124dd] was not registered for synchronization because synchronization is not active
JDBC Connection [HikariProxyConnection@1330633139 wrapping com.mysql.cj.jdbc.ConnectionImpl@1ae0aa55] will not be managed by Spring
==>  Preparing: SELECT id,username,password,name,email,phone,avatar,role_ids,status,last_login_time,last_login_ip,created_by,created_at,updated_by,updated_at,deleted FROM t_user WHERE deleted=0 AND (username = ?)
==> Parameters: admin(String)
<==    Columns: id, username, password, name, email, phone, avatar, role_ids, status, last_login_time, last_login_ip, created_by, created_at, updated_by, updated_at, deleted
<==        Row: 1, admin, admin123, 系统管理员, admin@example.com, null, null, 1, 1, null, null, null, 2026-03-23 13:00:27, null, 2026-03-24 15:26:43, 0
<==      Total: 1
Closing non transactional SqlSession [org.apache.ibatis.session.defaults.DefaultSqlSession@536124dd]
2026-03-26 16:35:35 [http-nio-8080-exec-9] DEBUG org.springframework.security.web.FilterChainProxy - Secured GET /projects?pageNum=1&pageSize=10&keyword=&stage=
Creating a new SqlSession
SqlSession [org.apache.ibatis.session.defaults.DefaultSqlSession@6a7f4fd3] was not registered for synchronization because synchronization is not active
JDBC Connection [HikariProxyConnection@30481507 wrapping com.mysql.cj.jdbc.ConnectionImpl@1ae0aa55] will not be managed by Spring
==>  Preparing: SELECT COUNT(*) AS total FROM t_project WHERE deleted = 0
==> Parameters: 
<==    Columns: total
<==        Row: 0
<==      Total: 1
Closing non transactional SqlSession [org.apache.ibatis.session.defaults.DefaultSqlSession@6a7f4fd3]
2026-03-26 16:35:36 [http-nio-8080-exec-10] DEBUG org.springframework.security.web.FilterChainProxy - Securing GET /devices?pageNum=1&pageSize=10&keyword=
Creating a new SqlSession
SqlSession [org.apache.ibatis.session.defaults.DefaultSqlSession@42b2a34a] was not registered for synchronization because synchronization is not active
JDBC Connection [HikariProxyConnection@202934099 wrapping com.mysql.cj.jdbc.ConnectionImpl@1ae0aa55] will not be managed by Spring
==>  Preparing: SELECT id,username,password,name,email,phone,avatar,role_ids,status,last_login_time,last_login_ip,created_by,created_at,updated_by,updated_at,deleted FROM t_user WHERE deleted=0 AND (username = ?)
==> Parameters: admin(String)
<==    Columns: id, username, password, name, email, phone, avatar, role_ids, status, last_login_time, last_login_ip, created_by, created_at, updated_by, updated_at, deleted
<==        Row: 1, admin, admin123, 系统管理员, admin@example.com, null, null, 1, 1, null, null, null, 2026-03-23 13:00:27, null, 2026-03-24 15:26:43, 0
<==      Total: 1
Closing non transactional SqlSession [org.apache.ibatis.session.defaults.DefaultSqlSession@42b2a34a]
2026-03-26 16:35:36 [http-nio-8080-exec-10] DEBUG org.springframework.security.web.FilterChainProxy - Secured GET /devices?pageNum=1&pageSize=10&keyword=
Creating a new SqlSession
SqlSession [org.apache.ibatis.session.defaults.DefaultSqlSession@761da055] was not registered for synchronization because synchronization is not active
JDBC Connection [HikariProxyConnection@1770576975 wrapping com.mysql.cj.jdbc.ConnectionImpl@1ae0aa55] will not be managed by Spring
==>  Preparing: SELECT COUNT(*) AS total FROM t_device WHERE deleted = 0
==> Parameters: 
<==    Columns: total
<==        Row: 0
<==      Total: 1
Closing non transactional SqlSession [org.apache.ibatis.session.defaults.DefaultSqlSession@761da055]
2026-03-26 16:35:37 [http-nio-8080-exec-1] DEBUG org.springframework.security.web.FilterChainProxy - Securing GET /processes?pageNum=1&pageSize=10&keyword=
Creating a new SqlSession
SqlSession [org.apache.ibatis.session.defaults.DefaultSqlSession@472d7d86] was not registered for synchronization because synchronization is not active
JDBC Connection [HikariProxyConnection@489946978 wrapping com.mysql.cj.jdbc.ConnectionImpl@1ae0aa55] will not be managed by Spring
==>  Preparing: SELECT id,username,password,name,email,phone,avatar,role_ids,status,last_login_time,last_login_ip,created_by,created_at,updated_by,updated_at,deleted FROM t_user WHERE deleted=0 AND (username = ?)
==> Parameters: admin(String)
<==    Columns: id, username, password, name, email, phone, avatar, role_ids, status, last_login_time, last_login_ip, created_by, created_at, updated_by, updated_at, deleted
<==        Row: 1, admin, admin123, 系统管理员, admin@example.com, null, null, 1, 1, null, null, null, 2026-03-23 13:00:27, null, 2026-03-24 15:26:43, 0
<==      Total: 1
Closing non transactional SqlSession [org.apache.ibatis.session.defaults.DefaultSqlSession@472d7d86]
2026-03-26 16:35:37 [http-nio-8080-exec-1] DEBUG org.springframework.security.web.FilterChainProxy - Secured GET /processes?pageNum=1&pageSize=10&keyword=
Creating a new SqlSession
SqlSession [org.apache.ibatis.session.defaults.DefaultSqlSession@69edff70] was not registered for synchronization because synchronization is not active
JDBC Connection [HikariProxyConnection@1196048827 wrapping com.mysql.cj.jdbc.ConnectionImpl@1ae0aa55] will not be managed by Spring
==>  Preparing: SELECT COUNT(*) AS total FROM t_process WHERE deleted = 0
==> Parameters: 
<==    Columns: total
<==        Row: 0
<==      Total: 1
Closing non transactional SqlSession [org.apache.ibatis.session.defaults.DefaultSqlSession@69edff70]
2026-03-26 16:35:37 [http-nio-8080-exec-2] DEBUG org.springframework.security.web.FilterChainProxy - Securing GET /workshops?pageNum=1&pageSize=10&keyword=
Creating a new SqlSession
SqlSession [org.apache.ibatis.session.defaults.DefaultSqlSession@63f90518] was not registered for synchronization because synchronization is not active
JDBC Connection [HikariProxyConnection@2123127993 wrapping com.mysql.cj.jdbc.ConnectionImpl@1ae0aa55] will not be managed by Spring
==>  Preparing: SELECT id,username,password,name,email,phone,avatar,role_ids,status,last_login_time,last_login_ip,created_by,created_at,updated_by,updated_at,deleted FROM t_user WHERE deleted=0 AND (username = ?)
==> Parameters: admin(String)
<==    Columns: id, username, password, name, email, phone, avatar, role_ids, status, last_login_time, last_login_ip, created_by, created_at, updated_by, updated_at, deleted
<==        Row: 1, admin, admin123, 系统管理员, admin@example.com, null, null, 1, 1, null, null, null, 2026-03-23 13:00:27, null, 2026-03-24 15:26:43, 0
<==      Total: 1
Closing non transactional SqlSession [org.apache.ibatis.session.defaults.DefaultSqlSession@63f90518]
2026-03-26 16:35:37 [http-nio-8080-exec-2] DEBUG org.springframework.security.web.FilterChainProxy - Secured GET /workshops?pageNum=1&pageSize=10&keyword=
Creating a new SqlSession
SqlSession [org.apache.ibatis.session.defaults.DefaultSqlSession@5177f9c] was not registered for synchronization because synchronization is not active
JDBC Connection [HikariProxyConnection@848855811 wrapping com.mysql.cj.jdbc.ConnectionImpl@1ae0aa55] will not be managed by Spring
==>  Preparing: SELECT COUNT(*) AS total FROM t_workshop WHERE deleted = 0
==> Parameters: 
<==    Columns: total
<==        Row: 0
<==      Total: 1
Closing non transactional SqlSession [org.apache.ibatis.session.defaults.DefaultSqlSession@5177f9c]
2026-03-26 16:35:38 [http-nio-8080-exec-3] DEBUG org.springframework.security.web.FilterChainProxy - Securing GET /users?pageNum=1&pageSize=10&keyword=
Creating a new SqlSession
SqlSession [org.apache.ibatis.session.defaults.DefaultSqlSession@6a773b6f] was not registered for synchronization because synchronization is not active
JDBC Connection [HikariProxyConnection@1349933859 wrapping com.mysql.cj.jdbc.ConnectionImpl@1ae0aa55] will not be managed by Spring
==>  Preparing: SELECT id,username,password,name,email,phone,avatar,role_ids,status,last_login_time,last_login_ip,created_by,created_at,updated_by,updated_at,deleted FROM t_user WHERE deleted=0 AND (username = ?)
==> Parameters: admin(String)
<==    Columns: id, username, password, name, email, phone, avatar, role_ids, status, last_login_time, last_login_ip, created_by, created_at, updated_by, updated_at, deleted
<==        Row: 1, admin, admin123, 系统管理员, admin@example.com, null, null, 1, 1, null, null, null, 2026-03-23 13:00:27, null, 2026-03-24 15:26:43, 0
<==      Total: 1
Closing non transactional SqlSession [org.apache.ibatis.session.defaults.DefaultSqlSession@6a773b6f]
2026-03-26 16:35:38 [http-nio-8080-exec-3] DEBUG org.springframework.security.web.FilterChainProxy - Secured GET /users?pageNum=1&pageSize=10&keyword=
Creating a new SqlSession
SqlSession [org.apache.ibatis.session.defaults.DefaultSqlSession@6b344492] was not registered for synchronization because synchronization is not active
JDBC Connection [HikariProxyConnection@1510362529 wrapping com.mysql.cj.jdbc.ConnectionImpl@1ae0aa55] will not be managed by Spring
==>  Preparing: SELECT COUNT(*) AS total FROM t_user WHERE deleted = 0
==> Parameters: 
<==    Columns: total
<==        Row: 1
<==      Total: 1
==>  Preparing: SELECT id,username,password,name,email,phone,avatar,role_ids,status,last_login_time,last_login_ip,created_by,created_at,updated_by,updated_at,deleted FROM t_user WHERE deleted=0 ORDER BY created_at DESC LIMIT ?
==> Parameters: 10(Long)
<==    Columns: id, username, password, name, email, phone, avatar, role_ids, status, last_login_time, last_login_ip, created_by, created_at, updated_by, updated_at, deleted
<==        Row: 1, admin, admin123, 系统管理员, admin@example.com, null, null, 1, 1, null, null, null, 2026-03-23 13:00:27, null, 2026-03-24 15:26:43, 0
<==      Total: 1
Closing non transactional SqlSession [org.apache.ibatis.session.defaults.DefaultSqlSession@6b344492]
2026-03-26 16:39:00 [http-nio-8080-exec-4] DEBUG org.springframework.security.web.FilterChainProxy - Securing GET /users?pageNum=1&pageSize=10&keyword=
Creating a new SqlSession
SqlSession [org.apache.ibatis.session.defaults.DefaultSqlSession@4d254ce1] was not registered for synchronization because synchronization is not active
JDBC Connection [HikariProxyConnection@889195837 wrapping com.mysql.cj.jdbc.ConnectionImpl@1ae0aa55] will not be managed by Spring
==>  Preparing: SELECT id,username,password,name,email,phone,avatar,role_ids,status,last_login_time,last_login_ip,created_by,created_at,updated_by,updated_at,deleted FROM t_user WHERE deleted=0 AND (username = ?)
==> Parameters: admin(String)
<==    Columns: id, username, password, name, email, phone, avatar, role_ids, status, last_login_time, last_login_ip, created_by, created_at, updated_by, updated_at, deleted
<==        Row: 1, admin, admin123, 系统管理员, admin@example.com, null, null, 1, 1, null, null, null, 2026-03-23 13:00:27, null, 2026-03-24 15:26:43, 0
<==      Total: 1
Closing non transactional SqlSession [org.apache.ibatis.session.defaults.DefaultSqlSession@4d254ce1]
2026-03-26 16:39:00 [http-nio-8080-exec-4] DEBUG org.springframework.security.web.FilterChainProxy - Secured GET /users?pageNum=1&pageSize=10&keyword=
Creating a new SqlSession
SqlSession [org.apache.ibatis.session.defaults.DefaultSqlSession@689e6a08] was not registered for synchronization because synchronization is not active
JDBC Connection [HikariProxyConnection@979893377 wrapping com.mysql.cj.jdbc.ConnectionImpl@1ae0aa55] will not be managed by Spring
==>  Preparing: SELECT COUNT(*) AS total FROM t_user WHERE deleted = 0
==> Parameters: 
<==    Columns: total
<==        Row: 1
<==      Total: 1
==>  Preparing: SELECT id,username,password,name,email,phone,avatar,role_ids,status,last_login_time,last_login_ip,created_by,created_at,updated_by,updated_at,deleted FROM t_user WHERE deleted=0 ORDER BY created_at DESC LIMIT ?
==> Parameters: 10(Long)
<==    Columns: id, username, password, name, email, phone, avatar, role_ids, status, last_login_time, last_login_ip, created_by, created_at, updated_by, updated_at, deleted
<==        Row: 1, admin, admin123, 系统管理员, admin@example.com, null, null, 1, 1, null, null, null, 2026-03-23 13:00:27, null, 2026-03-24 15:26:43, 0
<==      Total: 1
Closing non transactional SqlSession [org.apache.ibatis.session.defaults.DefaultSqlSession@689e6a08]
2026-03-26 16:39:03 [http-nio-8080-exec-5] DEBUG org.springframework.security.web.FilterChainProxy - Securing GET /projects?pageNum=1&pageSize=10&keyword=&stage=
Creating a new SqlSession
SqlSession [org.apache.ibatis.session.defaults.DefaultSqlSession@481a5649] was not registered for synchronization because synchronization is not active
JDBC Connection [HikariProxyConnection@901745675 wrapping com.mysql.cj.jdbc.ConnectionImpl@1ae0aa55] will not be managed by Spring
==>  Preparing: SELECT id,username,password,name,email,phone,avatar,role_ids,status,last_login_time,last_login_ip,created_by,created_at,updated_by,updated_at,deleted FROM t_user WHERE deleted=0 AND (username = ?)
==> Parameters: admin(String)
<==    Columns: id, username, password, name, email, phone, avatar, role_ids, status, last_login_time, last_login_ip, created_by, created_at, updated_by, updated_at, deleted
<==        Row: 1, admin, admin123, 系统管理员, admin@example.com, null, null, 1, 1, null, null, null, 2026-03-23 13:00:27, null, 2026-03-24 15:26:43, 0
<==      Total: 1
Closing non transactional SqlSession [org.apache.ibatis.session.defaults.DefaultSqlSession@481a5649]
2026-03-26 16:39:03 [http-nio-8080-exec-5] DEBUG org.springframework.security.web.FilterChainProxy - Secured GET /projects?pageNum=1&pageSize=10&keyword=&stage=
Creating a new SqlSession
SqlSession [org.apache.ibatis.session.defaults.DefaultSqlSession@599e55e0] was not registered for synchronization because synchronization is not active
JDBC Connection [HikariProxyConnection@180022078 wrapping com.mysql.cj.jdbc.ConnectionImpl@1ae0aa55] will not be managed by Spring
==>  Preparing: SELECT COUNT(*) AS total FROM t_project WHERE deleted = 0
==> Parameters: 
<==    Columns: total
<==        Row: 0
<==      Total: 1
Closing non transactional SqlSession [org.apache.ibatis.session.defaults.DefaultSqlSession@599e55e0]
2026-03-26 16:39:03 [http-nio-8080-exec-7] DEBUG org.springframework.security.web.FilterChainProxy - Securing GET /projects?pageNum=1&pageSize=10&keyword=&stage=
Creating a new SqlSession
SqlSession [org.apache.ibatis.session.defaults.DefaultSqlSession@105917f] was not registered for synchronization because synchronization is not active
JDBC Connection [HikariProxyConnection@2121697125 wrapping com.mysql.cj.jdbc.ConnectionImpl@1ae0aa55] will not be managed by Spring
==>  Preparing: SELECT id,username,password,name,email,phone,avatar,role_ids,status,last_login_time,last_login_ip,created_by,created_at,updated_by,updated_at,deleted FROM t_user WHERE deleted=0 AND (username = ?)
==> Parameters: admin(String)
<==    Columns: id, username, password, name, email, phone, avatar, role_ids, status, last_login_time, last_login_ip, created_by, created_at, updated_by, updated_at, deleted
<==        Row: 1, admin, admin123, 系统管理员, admin@example.com, null, null, 1, 1, null, null, null, 2026-03-23 13:00:27, null, 2026-03-24 15:26:43, 0
<==      Total: 1
Closing non transactional SqlSession [org.apache.ibatis.session.defaults.DefaultSqlSession@105917f]
2026-03-26 16:39:03 [http-nio-8080-exec-7] DEBUG org.springframework.security.web.FilterChainProxy - Secured GET /projects?pageNum=1&pageSize=10&keyword=&stage=
Creating a new SqlSession
SqlSession [org.apache.ibatis.session.defaults.DefaultSqlSession@3c9305de] was not registered for synchronization because synchronization is not active
JDBC Connection [HikariProxyConnection@1538725286 wrapping com.mysql.cj.jdbc.ConnectionImpl@1ae0aa55] will not be managed by Spring
==>  Preparing: SELECT COUNT(*) AS total FROM t_project WHERE deleted = 0
==> Parameters: 
<==    Columns: total
<==        Row: 0
<==      Total: 1
Closing non transactional SqlSession [org.apache.ibatis.session.defaults.DefaultSqlSession@3c9305de]
2026-03-26 16:39:03 [http-nio-8080-exec-6] DEBUG org.springframework.security.web.FilterChainProxy - Securing GET /devices?pageNum=1&pageSize=10&keyword=
Creating a new SqlSession
SqlSession [org.apache.ibatis.session.defaults.DefaultSqlSession@50409dbb] was not registered for synchronization because synchronization is not active
JDBC Connection [HikariProxyConnection@66662028 wrapping com.mysql.cj.jdbc.ConnectionImpl@1ae0aa55] will not be managed by Spring
==>  Preparing: SELECT id,username,password,name,email,phone,avatar,role_ids,status,last_login_time,last_login_ip,created_by,created_at,updated_by,updated_at,deleted FROM t_user WHERE deleted=0 AND (username = ?)
==> Parameters: admin(String)
<==    Columns: id, username, password, name, email, phone, avatar, role_ids, status, last_login_time, last_login_ip, created_by, created_at, updated_by, updated_at, deleted
<==        Row: 1, admin, admin123, 系统管理员, admin@example.com, null, null, 1, 1, null, null, null, 2026-03-23 13:00:27, null, 2026-03-24 15:26:43, 0
<==      Total: 1
Closing non transactional SqlSession [org.apache.ibatis.session.defaults.DefaultSqlSession@50409dbb]
2026-03-26 16:39:03 [http-nio-8080-exec-6] DEBUG org.springframework.security.web.FilterChainProxy - Secured GET /devices?pageNum=1&pageSize=10&keyword=
Creating a new SqlSession
SqlSession [org.apache.ibatis.session.defaults.DefaultSqlSession@660aa602] was not registered for synchronization because synchronization is not active
JDBC Connection [HikariProxyConnection@2025097121 wrapping com.mysql.cj.jdbc.ConnectionImpl@1ae0aa55] will not be managed by Spring
==>  Preparing: SELECT COUNT(*) AS total FROM t_device WHERE deleted = 0
==> Parameters: 
<==    Columns: total
<==        Row: 0
<==      Total: 1
Closing non transactional SqlSession [org.apache.ibatis.session.defaults.DefaultSqlSession@660aa602]
2026-03-26 16:39:04 [http-nio-8080-exec-8] DEBUG org.springframework.security.web.FilterChainProxy - Securing GET /processes?pageNum=1&pageSize=10&keyword=
Creating a new SqlSession
SqlSession [org.apache.ibatis.session.defaults.DefaultSqlSession@2410c1ce] was not registered for synchronization because synchronization is not active
JDBC Connection [HikariProxyConnection@1032573165 wrapping com.mysql.cj.jdbc.ConnectionImpl@1ae0aa55] will not be managed by Spring
==>  Preparing: SELECT id,username,password,name,email,phone,avatar,role_ids,status,last_login_time,last_login_ip,created_by,created_at,updated_by,updated_at,deleted FROM t_user WHERE deleted=0 AND (username = ?)
==> Parameters: admin(String)
<==    Columns: id, username, password, name, email, phone, avatar, role_ids, status, last_login_time, last_login_ip, created_by, created_at, updated_by, updated_at, deleted
<==        Row: 1, admin, admin123, 系统管理员, admin@example.com, null, null, 1, 1, null, null, null, 2026-03-23 13:00:27, null, 2026-03-24 15:26:43, 0
<==      Total: 1
Closing non transactional SqlSession [org.apache.ibatis.session.defaults.DefaultSqlSession@2410c1ce]
2026-03-26 16:39:04 [http-nio-8080-exec-8] DEBUG org.springframework.security.web.FilterChainProxy - Secured GET /processes?pageNum=1&pageSize=10&keyword=
Creating a new SqlSession
SqlSession [org.apache.ibatis.session.defaults.DefaultSqlSession@1668a052] was not registered for synchronization because synchronization is not active
JDBC Connection [HikariProxyConnection@1471917871 wrapping com.mysql.cj.jdbc.ConnectionImpl@1ae0aa55] will not be managed by Spring
==>  Preparing: SELECT COUNT(*) AS total FROM t_process WHERE deleted = 0
==> Parameters: 
<==    Columns: total
<==        Row: 0
<==      Total: 1
Closing non transactional SqlSession [org.apache.ibatis.session.defaults.DefaultSqlSession@1668a052]
2026-03-26 16:41:25 [http-nio-8080-exec-9] DEBUG org.springframework.security.web.FilterChainProxy - Securing GET /processes?pageNum=1&pageSize=10&keyword=
Creating a new SqlSession
SqlSession [org.apache.ibatis.session.defaults.DefaultSqlSession@fe62894] was not registered for synchronization because synchronization is not active
JDBC Connection [HikariProxyConnection@1994024278 wrapping com.mysql.cj.jdbc.ConnectionImpl@1ae0aa55] will not be managed by Spring
==>  Preparing: SELECT id,username,password,name,email,phone,avatar,role_ids,status,last_login_time,last_login_ip,created_by,created_at,updated_by,updated_at,deleted FROM t_user WHERE deleted=0 AND (username = ?)
==> Parameters: admin(String)
<==    Columns: id, username, password, name, email, phone, avatar, role_ids, status, last_login_time, last_login_ip, created_by, created_at, updated_by, updated_at, deleted
<==        Row: 1, admin, admin123, 系统管理员, admin@example.com, null, null, 1, 1, null, null, null, 2026-03-23 13:00:27, null, 2026-03-24 15:26:43, 0
<==      Total: 1
Closing non transactional SqlSession [org.apache.ibatis.session.defaults.DefaultSqlSession@fe62894]
2026-03-26 16:41:25 [http-nio-8080-exec-9] DEBUG org.springframework.security.web.FilterChainProxy - Secured GET /processes?pageNum=1&pageSize=10&keyword=
Creating a new SqlSession
SqlSession [org.apache.ibatis.session.defaults.DefaultSqlSession@53d250c5] was not registered for synchronization because synchronization is not active
JDBC Connection [HikariProxyConnection@1209747609 wrapping com.mysql.cj.jdbc.ConnectionImpl@1ae0aa55] will not be managed by Spring
==>  Preparing: SELECT COUNT(*) AS total FROM t_process WHERE deleted = 0
==> Parameters: 
<==    Columns: total
<==        Row: 0
<==      Total: 1
Closing non transactional SqlSession [org.apache.ibatis.session.defaults.DefaultSqlSession@53d250c5]
2026-03-26 16:43:15 [http-nio-8080-exec-10] DEBUG org.springframework.security.web.FilterChainProxy - Securing GET /processes?pageNum=1&pageSize=10&keyword=
Creating a new SqlSession
SqlSession [org.apache.ibatis.session.defaults.DefaultSqlSession@7978ee99] was not registered for synchronization because synchronization is not active
JDBC Connection [HikariProxyConnection@1363460242 wrapping com.mysql.cj.jdbc.ConnectionImpl@1ae0aa55] will not be managed by Spring
==>  Preparing: SELECT id,username,password,name,email,phone,avatar,role_ids,status,last_login_time,last_login_ip,created_by,created_at,updated_by,updated_at,deleted FROM t_user WHERE deleted=0 AND (username = ?)
==> Parameters: admin(String)
<==    Columns: id, username, password, name, email, phone, avatar, role_ids, status, last_login_time, last_login_ip, created_by, created_at, updated_by, updated_at, deleted
<==        Row: 1, admin, admin123, 系统管理员, admin@example.com, null, null, 1, 1, null, null, null, 2026-03-23 13:00:27, null, 2026-03-24 15:26:43, 0
<==      Total: 1
Closing non transactional SqlSession [org.apache.ibatis.session.defaults.DefaultSqlSession@7978ee99]
2026-03-26 16:43:15 [http-nio-8080-exec-10] DEBUG org.springframework.security.web.FilterChainProxy - Secured GET /processes?pageNum=1&pageSize=10&keyword=
Creating a new SqlSession
SqlSession [org.apache.ibatis.session.defaults.DefaultSqlSession@29fc4ba6] was not registered for synchronization because synchronization is not active
JDBC Connection [HikariProxyConnection@1626961437 wrapping com.mysql.cj.jdbc.ConnectionImpl@1ae0aa55] will not be managed by Spring
==>  Preparing: SELECT COUNT(*) AS total FROM t_process WHERE deleted = 0
==> Parameters: 
<==    Columns: total
<==        Row: 0
<==      Total: 1
Closing non transactional SqlSession [org.apache.ibatis.session.defaults.DefaultSqlSession@29fc4ba6]
2026-03-26 16:47:03 [http-nio-8080-exec-1] DEBUG org.springframework.security.web.FilterChainProxy - Securing GET /processes?pageNum=1&pageSize=10&keyword=
Creating a new SqlSession
SqlSession [org.apache.ibatis.session.defaults.DefaultSqlSession@7cf2213] was not registered for synchronization because synchronization is not active
JDBC Connection [HikariProxyConnection@786049969 wrapping com.mysql.cj.jdbc.ConnectionImpl@1ae0aa55] will not be managed by Spring
==>  Preparing: SELECT id,username,password,name,email,phone,avatar,role_ids,status,last_login_time,last_login_ip,created_by,created_at,updated_by,updated_at,deleted FROM t_user WHERE deleted=0 AND (username = ?)
==> Parameters: admin(String)
<==    Columns: id, username, password, name, email, phone, avatar, role_ids, status, last_login_time, last_login_ip, created_by, created_at, updated_by, updated_at, deleted
<==        Row: 1, admin, admin123, 系统管理员, admin@example.com, null, null, 1, 1, null, null, null, 2026-03-23 13:00:27, null, 2026-03-24 15:26:43, 0
<==      Total: 1
Closing non transactional SqlSession [org.apache.ibatis.session.defaults.DefaultSqlSession@7cf2213]
2026-03-26 16:47:03 [http-nio-8080-exec-1] DEBUG org.springframework.security.web.FilterChainProxy - Secured GET /processes?pageNum=1&pageSize=10&keyword=
Creating a new SqlSession
SqlSession [org.apache.ibatis.session.defaults.DefaultSqlSession@3ff520b8] was not registered for synchronization because synchronization is not active
JDBC Connection [HikariProxyConnection@1043103431 wrapping com.mysql.cj.jdbc.ConnectionImpl@1ae0aa55] will not be managed by Spring
==>  Preparing: SELECT COUNT(*) AS total FROM t_process WHERE deleted = 0
==> Parameters: 
<==    Columns: total
<==        Row: 0
<==      Total: 1
Closing non transactional SqlSession [org.apache.ibatis.session.defaults.DefaultSqlSession@3ff520b8]
2026-03-26 16:47:14 [http-nio-8080-exec-2] DEBUG org.springframework.security.web.FilterChainProxy - Securing GET /projects?pageNum=1&pageSize=10&keyword=&stage=
Creating a new SqlSession
SqlSession [org.apache.ibatis.session.defaults.DefaultSqlSession@720c0fcc] was not registered for synchronization because synchronization is not active
JDBC Connection [HikariProxyConnection@1716939000 wrapping com.mysql.cj.jdbc.ConnectionImpl@1ae0aa55] will not be managed by Spring
==>  Preparing: SELECT id,username,password,name,email,phone,avatar,role_ids,status,last_login_time,last_login_ip,created_by,created_at,updated_by,updated_at,deleted FROM t_user WHERE deleted=0 AND (username = ?)
==> Parameters: admin(String)
<==    Columns: id, username, password, name, email, phone, avatar, role_ids, status, last_login_time, last_login_ip, created_by, created_at, updated_by, updated_at, deleted
<==        Row: 1, admin, admin123, 系统管理员, admin@example.com, null, null, 1, 1, null, null, null, 2026-03-23 13:00:27, null, 2026-03-24 15:26:43, 0
<==      Total: 1
Closing non transactional SqlSession [org.apache.ibatis.session.defaults.DefaultSqlSession@720c0fcc]
2026-03-26 16:47:14 [http-nio-8080-exec-2] DEBUG org.springframework.security.web.FilterChainProxy - Secured GET /projects?pageNum=1&pageSize=10&keyword=&stage=
Creating a new SqlSession
SqlSession [org.apache.ibatis.session.defaults.DefaultSqlSession@19d08415] was not registered for synchronization because synchronization is not active
JDBC Connection [HikariProxyConnection@1593062074 wrapping com.mysql.cj.jdbc.ConnectionImpl@1ae0aa55] will not be managed by Spring
==>  Preparing: SELECT COUNT(*) AS total FROM t_project WHERE deleted = 0
==> Parameters: 
<==    Columns: total
<==        Row: 0
<==      Total: 1
Closing non transactional SqlSession [org.apache.ibatis.session.defaults.DefaultSqlSession@19d08415]
2026-03-26 16:47:15 [http-nio-8080-exec-3] DEBUG org.springframework.security.web.FilterChainProxy - Securing GET /devices?pageNum=1&pageSize=10&keyword=
Creating a new SqlSession
SqlSession [org.apache.ibatis.session.defaults.DefaultSqlSession@2ec2c157] was not registered for synchronization because synchronization is not active
JDBC Connection [HikariProxyConnection@1054775461 wrapping com.mysql.cj.jdbc.ConnectionImpl@1ae0aa55] will not be managed by Spring
==>  Preparing: SELECT id,username,password,name,email,phone,avatar,role_ids,status,last_login_time,last_login_ip,created_by,created_at,updated_by,updated_at,deleted FROM t_user WHERE deleted=0 AND (username = ?)
==> Parameters: admin(String)
<==    Columns: id, username, password, name, email, phone, avatar, role_ids, status, last_login_time, last_login_ip, created_by, created_at, updated_by, updated_at, deleted
<==        Row: 1, admin, admin123, 系统管理员, admin@example.com, null, null, 1, 1, null, null, null, 2026-03-23 13:00:27, null, 2026-03-24 15:26:43, 0
<==      Total: 1
Closing non transactional SqlSession [org.apache.ibatis.session.defaults.DefaultSqlSession@2ec2c157]
2026-03-26 16:47:15 [http-nio-8080-exec-3] DEBUG org.springframework.security.web.FilterChainProxy - Secured GET /devices?pageNum=1&pageSize=10&keyword=
Creating a new SqlSession
SqlSession [org.apache.ibatis.session.defaults.DefaultSqlSession@3987cc37] was not registered for synchronization because synchronization is not active
JDBC Connection [HikariProxyConnection@1260835090 wrapping com.mysql.cj.jdbc.ConnectionImpl@1ae0aa55] will not be managed by Spring
==>  Preparing: SELECT COUNT(*) AS total FROM t_device WHERE deleted = 0
==> Parameters: 
<==    Columns: total
<==        Row: 0
<==      Total: 1
Closing non transactional SqlSession [org.apache.ibatis.session.defaults.DefaultSqlSession@3987cc37]
2026-03-26 16:47:16 [http-nio-8080-exec-4] DEBUG org.springframework.security.web.FilterChainProxy - Securing GET /processes?pageNum=1&pageSize=10&keyword=
Creating a new SqlSession
SqlSession [org.apache.ibatis.session.defaults.DefaultSqlSession@19cdc412] was not registered for synchronization because synchronization is not active
JDBC Connection [HikariProxyConnection@382169792 wrapping com.mysql.cj.jdbc.ConnectionImpl@1ae0aa55] will not be managed by Spring
==>  Preparing: SELECT id,username,password,name,email,phone,avatar,role_ids,status,last_login_time,last_login_ip,created_by,created_at,updated_by,updated_at,deleted FROM t_user WHERE deleted=0 AND (username = ?)
==> Parameters: admin(String)
<==    Columns: id, username, password, name, email, phone, avatar, role_ids, status, last_login_time, last_login_ip, created_by, created_at, updated_by, updated_at, deleted
<==        Row: 1, admin, admin123, 系统管理员, admin@example.com, null, null, 1, 1, null, null, null, 2026-03-23 13:00:27, null, 2026-03-24 15:26:43, 0
<==      Total: 1
Closing non transactional SqlSession [org.apache.ibatis.session.defaults.DefaultSqlSession@19cdc412]
2026-03-26 16:47:16 [http-nio-8080-exec-4] DEBUG org.springframework.security.web.FilterChainProxy - Secured GET /processes?pageNum=1&pageSize=10&keyword=
Creating a new SqlSession
SqlSession [org.apache.ibatis.session.defaults.DefaultSqlSession@15b948f2] was not registered for synchronization because synchronization is not active
JDBC Connection [HikariProxyConnection@1340067045 wrapping com.mysql.cj.jdbc.ConnectionImpl@1ae0aa55] will not be managed by Spring
==>  Preparing: SELECT COUNT(*) AS total FROM t_process WHERE deleted = 0
==> Parameters: 
<==    Columns: total
<==        Row: 0
<==      Total: 1
Closing non transactional SqlSession [org.apache.ibatis.session.defaults.DefaultSqlSession@15b948f2]
2026-03-26 16:47:17 [http-nio-8080-exec-5] DEBUG org.springframework.security.web.FilterChainProxy - Securing GET /workshops?pageNum=1&pageSize=10&keyword=
Creating a new SqlSession
SqlSession [org.apache.ibatis.session.defaults.DefaultSqlSession@7ec3ae46] was not registered for synchronization because synchronization is not active
JDBC Connection [HikariProxyConnection@1398158328 wrapping com.mysql.cj.jdbc.ConnectionImpl@1ae0aa55] will not be managed by Spring
==>  Preparing: SELECT id,username,password,name,email,phone,avatar,role_ids,status,last_login_time,last_login_ip,created_by,created_at,updated_by,updated_at,deleted FROM t_user WHERE deleted=0 AND (username = ?)
==> Parameters: admin(String)
<==    Columns: id, username, password, name, email, phone, avatar, role_ids, status, last_login_time, last_login_ip, created_by, created_at, updated_by, updated_at, deleted
<==        Row: 1, admin, admin123, 系统管理员, admin@example.com, null, null, 1, 1, null, null, null, 2026-03-23 13:00:27, null, 2026-03-24 15:26:43, 0
<==      Total: 1
Closing non transactional SqlSession [org.apache.ibatis.session.defaults.DefaultSqlSession@7ec3ae46]
2026-03-26 16:47:17 [http-nio-8080-exec-5] DEBUG org.springframework.security.web.FilterChainProxy - Secured GET /workshops?pageNum=1&pageSize=10&keyword=
Creating a new SqlSession
SqlSession [org.apache.ibatis.session.defaults.DefaultSqlSession@75cbe9dd] was not registered for synchronization because synchronization is not active
JDBC Connection [HikariProxyConnection@1957884020 wrapping com.mysql.cj.jdbc.ConnectionImpl@1ae0aa55] will not be managed by Spring
==>  Preparing: SELECT COUNT(*) AS total FROM t_workshop WHERE deleted = 0
==> Parameters: 
<==    Columns: total
<==        Row: 0
<==      Total: 1
Closing non transactional SqlSession [org.apache.ibatis.session.defaults.DefaultSqlSession@75cbe9dd]
2026-03-26 16:47:18 [http-nio-8080-exec-7] DEBUG org.springframework.security.web.FilterChainProxy - Securing GET /users?pageNum=1&pageSize=10&keyword=
Creating a new SqlSession
SqlSession [org.apache.ibatis.session.defaults.DefaultSqlSession@2820d0f4] was not registered for synchronization because synchronization is not active
JDBC Connection [HikariProxyConnection@1270272437 wrapping com.mysql.cj.jdbc.ConnectionImpl@1ae0aa55] will not be managed by Spring
==>  Preparing: SELECT id,username,password,name,email,phone,avatar,role_ids,status,last_login_time,last_login_ip,created_by,created_at,updated_by,updated_at,deleted FROM t_user WHERE deleted=0 AND (username = ?)
==> Parameters: admin(String)
<==    Columns: id, username, password, name, email, phone, avatar, role_ids, status, last_login_time, last_login_ip, created_by, created_at, updated_by, updated_at, deleted
<==        Row: 1, admin, admin123, 系统管理员, admin@example.com, null, null, 1, 1, null, null, null, 2026-03-23 13:00:27, null, 2026-03-24 15:26:43, 0
<==      Total: 1
Closing non transactional SqlSession [org.apache.ibatis.session.defaults.DefaultSqlSession@2820d0f4]
2026-03-26 16:47:18 [http-nio-8080-exec-7] DEBUG org.springframework.security.web.FilterChainProxy - Secured GET /users?pageNum=1&pageSize=10&keyword=
Creating a new SqlSession
SqlSession [org.apache.ibatis.session.defaults.DefaultSqlSession@170ea80b] was not registered for synchronization because synchronization is not active
JDBC Connection [HikariProxyConnection@1145120898 wrapping com.mysql.cj.jdbc.ConnectionImpl@1ae0aa55] will not be managed by Spring
==>  Preparing: SELECT COUNT(*) AS total FROM t_user WHERE deleted = 0
==> Parameters: 
<==    Columns: total
<==        Row: 1
<==      Total: 1
==>  Preparing: SELECT id,username,password,name,email,phone,avatar,role_ids,status,last_login_time,last_login_ip,created_by,created_at,updated_by,updated_at,deleted FROM t_user WHERE deleted=0 ORDER BY created_at DESC LIMIT ?
==> Parameters: 10(Long)
<==    Columns: id, username, password, name, email, phone, avatar, role_ids, status, last_login_time, last_login_ip, created_by, created_at, updated_by, updated_at, deleted
<==        Row: 1, admin, admin123, 系统管理员, admin@example.com, null, null, 1, 1, null, null, null, 2026-03-23 13:00:27, null, 2026-03-24 15:26:43, 0
<==      Total: 1
Closing non transactional SqlSession [org.apache.ibatis.session.defaults.DefaultSqlSession@170ea80b]
2026-03-26 16:47:18 [http-nio-8080-exec-6] DEBUG org.springframework.security.web.FilterChainProxy - Securing GET /processes?pageNum=1&pageSize=10&keyword=
Creating a new SqlSession
SqlSession [org.apache.ibatis.session.defaults.DefaultSqlSession@2d427b6c] was not registered for synchronization because synchronization is not active
JDBC Connection [HikariProxyConnection@739066708 wrapping com.mysql.cj.jdbc.ConnectionImpl@1ae0aa55] will not be managed by Spring
==>  Preparing: SELECT id,username,password,name,email,phone,avatar,role_ids,status,last_login_time,last_login_ip,created_by,created_at,updated_by,updated_at,deleted FROM t_user WHERE deleted=0 AND (username = ?)
==> Parameters: admin(String)
<==    Columns: id, username, password, name, email, phone, avatar, role_ids, status, last_login_time, last_login_ip, created_by, created_at, updated_by, updated_at, deleted
<==        Row: 1, admin, admin123, 系统管理员, admin@example.com, null, null, 1, 1, null, null, null, 2026-03-23 13:00:27, null, 2026-03-24 15:26:43, 0
<==      Total: 1
Closing non transactional SqlSession [org.apache.ibatis.session.defaults.DefaultSqlSession@2d427b6c]
2026-03-26 16:47:18 [http-nio-8080-exec-6] DEBUG org.springframework.security.web.FilterChainProxy - Secured GET /processes?pageNum=1&pageSize=10&keyword=
Creating a new SqlSession
SqlSession [org.apache.ibatis.session.defaults.DefaultSqlSession@756d9052] was not registered for synchronization because synchronization is not active
JDBC Connection [HikariProxyConnection@228323670 wrapping com.mysql.cj.jdbc.ConnectionImpl@1ae0aa55] will not be managed by Spring
==>  Preparing: SELECT COUNT(*) AS total FROM t_process WHERE deleted = 0
==> Parameters: 
<==    Columns: total
<==        Row: 0
<==      Total: 1
Closing non transactional SqlSession [org.apache.ibatis.session.defaults.DefaultSqlSession@756d9052]
2026-03-26 16:47:19 [http-nio-8080-exec-8] DEBUG org.springframework.security.web.FilterChainProxy - Securing GET /devices?pageNum=1&pageSize=10&keyword=
Creating a new SqlSession
SqlSession [org.apache.ibatis.session.defaults.DefaultSqlSession@46c0e245] was not registered for synchronization because synchronization is not active
JDBC Connection [HikariProxyConnection@1526035372 wrapping com.mysql.cj.jdbc.ConnectionImpl@1ae0aa55] will not be managed by Spring
==>  Preparing: SELECT id,username,password,name,email,phone,avatar,role_ids,status,last_login_time,last_login_ip,created_by,created_at,updated_by,updated_at,deleted FROM t_user WHERE deleted=0 AND (username = ?)
==> Parameters: admin(String)
<==    Columns: id, username, password, name, email, phone, avatar, role_ids, status, last_login_time, last_login_ip, created_by, created_at, updated_by, updated_at, deleted
<==        Row: 1, admin, admin123, 系统管理员, admin@example.com, null, null, 1, 1, null, null, null, 2026-03-23 13:00:27, null, 2026-03-24 15:26:43, 0
<==      Total: 1
Closing non transactional SqlSession [org.apache.ibatis.session.defaults.DefaultSqlSession@46c0e245]
2026-03-26 16:47:19 [http-nio-8080-exec-8] DEBUG org.springframework.security.web.FilterChainProxy - Secured GET /devices?pageNum=1&pageSize=10&keyword=
Creating a new SqlSession
SqlSession [org.apache.ibatis.session.defaults.DefaultSqlSession@36d17c23] was not registered for synchronization because synchronization is not active
JDBC Connection [HikariProxyConnection@106632993 wrapping com.mysql.cj.jdbc.ConnectionImpl@1ae0aa55] will not be managed by Spring
==>  Preparing: SELECT COUNT(*) AS total FROM t_device WHERE deleted = 0
==> Parameters: 
<==    Columns: total
<==        Row: 0
<==      Total: 1
Closing non transactional SqlSession [org.apache.ibatis.session.defaults.DefaultSqlSession@36d17c23]
2026-03-26 16:47:19 [http-nio-8080-exec-9] DEBUG org.springframework.security.web.FilterChainProxy - Securing GET /projects?pageNum=1&pageSize=10&keyword=&stage=
Creating a new SqlSession
SqlSession [org.apache.ibatis.session.defaults.DefaultSqlSession@174c3f0] was not registered for synchronization because synchronization is not active
JDBC Connection [HikariProxyConnection@1418925900 wrapping com.mysql.cj.jdbc.ConnectionImpl@1ae0aa55] will not be managed by Spring
==>  Preparing: SELECT id,username,password,name,email,phone,avatar,role_ids,status,last_login_time,last_login_ip,created_by,created_at,updated_by,updated_at,deleted FROM t_user WHERE deleted=0 AND (username = ?)
==> Parameters: admin(String)
<==    Columns: id, username, password, name, email, phone, avatar, role_ids, status, last_login_time, last_login_ip, created_by, created_at, updated_by, updated_at, deleted
<==        Row: 1, admin, admin123, 系统管理员, admin@example.com, null, null, 1, 1, null, null, null, 2026-03-23 13:00:27, null, 2026-03-24 15:26:43, 0
<==      Total: 1
Closing non transactional SqlSession [org.apache.ibatis.session.defaults.DefaultSqlSession@174c3f0]
2026-03-26 16:47:19 [http-nio-8080-exec-9] DEBUG org.springframework.security.web.FilterChainProxy - Secured GET /projects?pageNum=1&pageSize=10&keyword=&stage=
Creating a new SqlSession
SqlSession [org.apache.ibatis.session.defaults.DefaultSqlSession@4e6d226a] was not registered for synchronization because synchronization is not active
JDBC Connection [HikariProxyConnection@625229851 wrapping com.mysql.cj.jdbc.ConnectionImpl@1ae0aa55] will not be managed by Spring
==>  Preparing: SELECT COUNT(*) AS total FROM t_project WHERE deleted = 0
==> Parameters: 
<==    Columns: total
<==        Row: 0
<==      Total: 1
Closing non transactional SqlSession [org.apache.ibatis.session.defaults.DefaultSqlSession@4e6d226a]
2026-03-26 16:47:36 [http-nio-8080-exec-10] DEBUG org.springframework.security.web.FilterChainProxy - Securing GET /devices?pageNum=1&pageSize=10&keyword=
Creating a new SqlSession
SqlSession [org.apache.ibatis.session.defaults.DefaultSqlSession@3720c579] was not registered for synchronization because synchronization is not active
JDBC Connection [HikariProxyConnection@1588830029 wrapping com.mysql.cj.jdbc.ConnectionImpl@1ae0aa55] will not be managed by Spring
==>  Preparing: SELECT id,username,password,name,email,phone,avatar,role_ids,status,last_login_time,last_login_ip,created_by,created_at,updated_by,updated_at,deleted FROM t_user WHERE deleted=0 AND (username = ?)
==> Parameters: admin(String)
<==    Columns: id, username, password, name, email, phone, avatar, role_ids, status, last_login_time, last_login_ip, created_by, created_at, updated_by, updated_at, deleted
<==        Row: 1, admin, admin123, 系统管理员, admin@example.com, null, null, 1, 1, null, null, null, 2026-03-23 13:00:27, null, 2026-03-24 15:26:43, 0
<==      Total: 1
Closing non transactional SqlSession [org.apache.ibatis.session.defaults.DefaultSqlSession@3720c579]
2026-03-26 16:47:36 [http-nio-8080-exec-10] DEBUG org.springframework.security.web.FilterChainProxy - Secured GET /devices?pageNum=1&pageSize=10&keyword=
Creating a new SqlSession
SqlSession [org.apache.ibatis.session.defaults.DefaultSqlSession@377b4a82] was not registered for synchronization because synchronization is not active
JDBC Connection [HikariProxyConnection@1145758843 wrapping com.mysql.cj.jdbc.ConnectionImpl@1ae0aa55] will not be managed by Spring
==>  Preparing: SELECT COUNT(*) AS total FROM t_device WHERE deleted = 0
==> Parameters: 
<==    Columns: total
<==        Row: 0
<==      Total: 1
Closing non transactional SqlSession [org.apache.ibatis.session.defaults.DefaultSqlSession@377b4a82]
2026-03-26 16:47:37 [http-nio-8080-exec-1] DEBUG org.springframework.security.web.FilterChainProxy - Securing GET /processes?pageNum=1&pageSize=10&keyword=
Creating a new SqlSession
SqlSession [org.apache.ibatis.session.defaults.DefaultSqlSession@721496cd] was not registered for synchronization because synchronization is not active
JDBC Connection [HikariProxyConnection@316366638 wrapping com.mysql.cj.jdbc.ConnectionImpl@1ae0aa55] will not be managed by Spring
==>  Preparing: SELECT id,username,password,name,email,phone,avatar,role_ids,status,last_login_time,last_login_ip,created_by,created_at,updated_by,updated_at,deleted FROM t_user WHERE deleted=0 AND (username = ?)
==> Parameters: admin(String)
<==    Columns: id, username, password, name, email, phone, avatar, role_ids, status, last_login_time, last_login_ip, created_by, created_at, updated_by, updated_at, deleted
<==        Row: 1, admin, admin123, 系统管理员, admin@example.com, null, null, 1, 1, null, null, null, 2026-03-23 13:00:27, null, 2026-03-24 15:26:43, 0
<==      Total: 1
Closing non transactional SqlSession [org.apache.ibatis.session.defaults.DefaultSqlSession@721496cd]
2026-03-26 16:47:37 [http-nio-8080-exec-1] DEBUG org.springframework.security.web.FilterChainProxy - Secured GET /processes?pageNum=1&pageSize=10&keyword=
Creating a new SqlSession
SqlSession [org.apache.ibatis.session.defaults.DefaultSqlSession@3cf036e] was not registered for synchronization because synchronization is not active
JDBC Connection [HikariProxyConnection@2102494207 wrapping com.mysql.cj.jdbc.ConnectionImpl@1ae0aa55] will not be managed by Spring
==>  Preparing: SELECT COUNT(*) AS total FROM t_process WHERE deleted = 0
==> Parameters: 
<==    Columns: total
<==        Row: 0
<==      Total: 1
Closing non transactional SqlSession [org.apache.ibatis.session.defaults.DefaultSqlSession@3cf036e]
2026-03-26 16:47:38 [http-nio-8080-exec-2] DEBUG org.springframework.security.web.FilterChainProxy - Securing GET /workshops?pageNum=1&pageSize=10&keyword=
Creating a new SqlSession
SqlSession [org.apache.ibatis.session.defaults.DefaultSqlSession@78c20856] was not registered for synchronization because synchronization is not active
JDBC Connection [HikariProxyConnection@622769919 wrapping com.mysql.cj.jdbc.ConnectionImpl@1ae0aa55] will not be managed by Spring
==>  Preparing: SELECT id,username,password,name,email,phone,avatar,role_ids,status,last_login_time,last_login_ip,created_by,created_at,updated_by,updated_at,deleted FROM t_user WHERE deleted=0 AND (username = ?)
==> Parameters: admin(String)
<==    Columns: id, username, password, name, email, phone, avatar, role_ids, status, last_login_time, last_login_ip, created_by, created_at, updated_by, updated_at, deleted
<==        Row: 1, admin, admin123, 系统管理员, admin@example.com, null, null, 1, 1, null, null, null, 2026-03-23 13:00:27, null, 2026-03-24 15:26:43, 0
<==      Total: 1
Closing non transactional SqlSession [org.apache.ibatis.session.defaults.DefaultSqlSession@78c20856]
2026-03-26 16:47:38 [http-nio-8080-exec-2] DEBUG org.springframework.security.web.FilterChainProxy - Secured GET /workshops?pageNum=1&pageSize=10&keyword=
Creating a new SqlSession
SqlSession [org.apache.ibatis.session.defaults.DefaultSqlSession@737e2af2] was not registered for synchronization because synchronization is not active
JDBC Connection [HikariProxyConnection@1274017968 wrapping com.mysql.cj.jdbc.ConnectionImpl@1ae0aa55] will not be managed by Spring
==>  Preparing: SELECT COUNT(*) AS total FROM t_workshop WHERE deleted = 0
==> Parameters: 
<==    Columns: total
<==        Row: 0
<==      Total: 1
Closing non transactional SqlSession [org.apache.ibatis.session.defaults.DefaultSqlSession@737e2af2]
2026-03-26 16:47:38 [http-nio-8080-exec-3] DEBUG org.springframework.security.web.FilterChainProxy - Securing GET /users?pageNum=1&pageSize=10&keyword=
Creating a new SqlSession
SqlSession [org.apache.ibatis.session.defaults.DefaultSqlSession@7ebccbf3] was not registered for synchronization because synchronization is not active
JDBC Connection [HikariProxyConnection@1735895176 wrapping com.mysql.cj.jdbc.ConnectionImpl@1ae0aa55] will not be managed by Spring
==>  Preparing: SELECT id,username,password,name,email,phone,avatar,role_ids,status,last_login_time,last_login_ip,created_by,created_at,updated_by,updated_at,deleted FROM t_user WHERE deleted=0 AND (username = ?)
==> Parameters: admin(String)
<==    Columns: id, username, password, name, email, phone, avatar, role_ids, status, last_login_time, last_login_ip, created_by, created_at, updated_by, updated_at, deleted
<==        Row: 1, admin, admin123, 系统管理员, admin@example.com, null, null, 1, 1, null, null, null, 2026-03-23 13:00:27, null, 2026-03-24 15:26:43, 0
<==      Total: 1
Closing non transactional SqlSession [org.apache.ibatis.session.defaults.DefaultSqlSession@7ebccbf3]
2026-03-26 16:47:38 [http-nio-8080-exec-3] DEBUG org.springframework.security.web.FilterChainProxy - Secured GET /users?pageNum=1&pageSize=10&keyword=
Creating a new SqlSession
SqlSession [org.apache.ibatis.session.defaults.DefaultSqlSession@1fbd09f5] was not registered for synchronization because synchronization is not active
JDBC Connection [HikariProxyConnection@1563390266 wrapping com.mysql.cj.jdbc.ConnectionImpl@1ae0aa55] will not be managed by Spring
==>  Preparing: SELECT COUNT(*) AS total FROM t_user WHERE deleted = 0
==> Parameters: 
<==    Columns: total
<==        Row: 1
<==      Total: 1
==>  Preparing: SELECT id,username,password,name,email,phone,avatar,role_ids,status,last_login_time,last_login_ip,created_by,created_at,updated_by,updated_at,deleted FROM t_user WHERE deleted=0 ORDER BY created_at DESC LIMIT ?
==> Parameters: 10(Long)
<==    Columns: id, username, password, name, email, phone, avatar, role_ids, status, last_login_time, last_login_ip, created_by, created_at, updated_by, updated_at, deleted
<==        Row: 1, admin, admin123, 系统管理员, admin@example.com, null, null, 1, 1, null, null, null, 2026-03-23 13:00:27, null, 2026-03-24 15:26:43, 0
<==      Total: 1
Closing non transactional SqlSession [org.apache.ibatis.session.defaults.DefaultSqlSession@1fbd09f5]
2026-03-26 16:47:41 [http-nio-8080-exec-4] DEBUG org.springframework.security.web.FilterChainProxy - Securing GET /workshops?pageNum=1&pageSize=10&keyword=
Creating a new SqlSession
SqlSession [org.apache.ibatis.session.defaults.DefaultSqlSession@2aecc08b] was not registered for synchronization because synchronization is not active
JDBC Connection [HikariProxyConnection@41200151 wrapping com.mysql.cj.jdbc.ConnectionImpl@1ae0aa55] will not be managed by Spring
==>  Preparing: SELECT id,username,password,name,email,phone,avatar,role_ids,status,last_login_time,last_login_ip,created_by,created_at,updated_by,updated_at,deleted FROM t_user WHERE deleted=0 AND (username = ?)
==> Parameters: admin(String)
<==    Columns: id, username, password, name, email, phone, avatar, role_ids, status, last_login_time, last_login_ip, created_by, created_at, updated_by, updated_at, deleted
<==        Row: 1, admin, admin123, 系统管理员, admin@example.com, null, null, 1, 1, null, null, null, 2026-03-23 13:00:27, null, 2026-03-24 15:26:43, 0
<==      Total: 1
Closing non transactional SqlSession [org.apache.ibatis.session.defaults.DefaultSqlSession@2aecc08b]
2026-03-26 16:47:41 [http-nio-8080-exec-4] DEBUG org.springframework.security.web.FilterChainProxy - Secured GET /workshops?pageNum=1&pageSize=10&keyword=
Creating a new SqlSession
SqlSession [org.apache.ibatis.session.defaults.DefaultSqlSession@6e8e95ee] was not registered for synchronization because synchronization is not active
JDBC Connection [HikariProxyConnection@86628972 wrapping com.mysql.cj.jdbc.ConnectionImpl@1ae0aa55] will not be managed by Spring
==>  Preparing: SELECT COUNT(*) AS total FROM t_workshop WHERE deleted = 0
==> Parameters: 
<==    Columns: total
<==        Row: 0
<==      Total: 1
Closing non transactional SqlSession [org.apache.ibatis.session.defaults.DefaultSqlSession@6e8e95ee]
2026-03-26 16:47:43 [http-nio-8080-exec-5] DEBUG org.springframework.security.web.FilterChainProxy - Securing GET /processes?pageNum=1&pageSize=10&keyword=
Creating a new SqlSession
SqlSession [org.apache.ibatis.session.defaults.DefaultSqlSession@e4d127c] was not registered for synchronization because synchronization is not active
JDBC Connection [HikariProxyConnection@2124794307 wrapping com.mysql.cj.jdbc.ConnectionImpl@1ae0aa55] will not be managed by Spring
==>  Preparing: SELECT id,username,password,name,email,phone,avatar,role_ids,status,last_login_time,last_login_ip,created_by,created_at,updated_by,updated_at,deleted FROM t_user WHERE deleted=0 AND (username = ?)
==> Parameters: admin(String)
<==    Columns: id, username, password, name, email, phone, avatar, role_ids, status, last_login_time, last_login_ip, created_by, created_at, updated_by, updated_at, deleted
<==        Row: 1, admin, admin123, 系统管理员, admin@example.com, null, null, 1, 1, null, null, null, 2026-03-23 13:00:27, null, 2026-03-24 15:26:43, 0
<==      Total: 1
Closing non transactional SqlSession [org.apache.ibatis.session.defaults.DefaultSqlSession@e4d127c]
2026-03-26 16:47:43 [http-nio-8080-exec-5] DEBUG org.springframework.security.web.FilterChainProxy - Secured GET /processes?pageNum=1&pageSize=10&keyword=
Creating a new SqlSession
SqlSession [org.apache.ibatis.session.defaults.DefaultSqlSession@35d3d386] was not registered for synchronization because synchronization is not active
JDBC Connection [HikariProxyConnection@64018909 wrapping com.mysql.cj.jdbc.ConnectionImpl@1ae0aa55] will not be managed by Spring
==>  Preparing: SELECT COUNT(*) AS total FROM t_process WHERE deleted = 0
==> Parameters: 
<==    Columns: total
<==        Row: 0
<==      Total: 1
Closing non transactional SqlSession [org.apache.ibatis.session.defaults.DefaultSqlSession@35d3d386]
2026-03-26 16:47:43 [http-nio-8080-exec-7] DEBUG org.springframework.security.web.FilterChainProxy - Securing GET /devices?pageNum=1&pageSize=10&keyword=
Creating a new SqlSession
SqlSession [org.apache.ibatis.session.defaults.DefaultSqlSession@64b66cfb] was not registered for synchronization because synchronization is not active
JDBC Connection [HikariProxyConnection@899201424 wrapping com.mysql.cj.jdbc.ConnectionImpl@1ae0aa55] will not be managed by Spring
==>  Preparing: SELECT id,username,password,name,email,phone,avatar,role_ids,status,last_login_time,last_login_ip,created_by,created_at,updated_by,updated_at,deleted FROM t_user WHERE deleted=0 AND (username = ?)
==> Parameters: admin(String)
<==    Columns: id, username, password, name, email, phone, avatar, role_ids, status, last_login_time, last_login_ip, created_by, created_at, updated_by, updated_at, deleted
<==        Row: 1, admin, admin123, 系统管理员, admin@example.com, null, null, 1, 1, null, null, null, 2026-03-23 13:00:27, null, 2026-03-24 15:26:43, 0
<==      Total: 1
Closing non transactional SqlSession [org.apache.ibatis.session.defaults.DefaultSqlSession@64b66cfb]
2026-03-26 16:47:43 [http-nio-8080-exec-7] DEBUG org.springframework.security.web.FilterChainProxy - Secured GET /devices?pageNum=1&pageSize=10&keyword=
Creating a new SqlSession
SqlSession [org.apache.ibatis.session.defaults.DefaultSqlSession@168709bb] was not registered for synchronization because synchronization is not active
JDBC Connection [HikariProxyConnection@824511405 wrapping com.mysql.cj.jdbc.ConnectionImpl@1ae0aa55] will not be managed by Spring
==>  Preparing: SELECT COUNT(*) AS total FROM t_device WHERE deleted = 0
==> Parameters: 
<==    Columns: total
<==        Row: 0
<==      Total: 1
Closing non transactional SqlSession [org.apache.ibatis.session.defaults.DefaultSqlSession@168709bb]
2026-03-26 16:47:44 [http-nio-8080-exec-6] DEBUG org.springframework.security.web.FilterChainProxy - Securing GET /projects?pageNum=1&pageSize=10&keyword=&stage=
Creating a new SqlSession
SqlSession [org.apache.ibatis.session.defaults.DefaultSqlSession@4ddac3d5] was not registered for synchronization because synchronization is not active
JDBC Connection [HikariProxyConnection@1016547525 wrapping com.mysql.cj.jdbc.ConnectionImpl@1ae0aa55] will not be managed by Spring
==>  Preparing: SELECT id,username,password,name,email,phone,avatar,role_ids,status,last_login_time,last_login_ip,created_by,created_at,updated_by,updated_at,deleted FROM t_user WHERE deleted=0 AND (username = ?)
==> Parameters: admin(String)
<==    Columns: id, username, password, name, email, phone, avatar, role_ids, status, last_login_time, last_login_ip, created_by, created_at, updated_by, updated_at, deleted
<==        Row: 1, admin, admin123, 系统管理员, admin@example.com, null, null, 1, 1, null, null, null, 2026-03-23 13:00:27, null, 2026-03-24 15:26:43, 0
<==      Total: 1
Closing non transactional SqlSession [org.apache.ibatis.session.defaults.DefaultSqlSession@4ddac3d5]
2026-03-26 16:47:44 [http-nio-8080-exec-6] DEBUG org.springframework.security.web.FilterChainProxy - Secured GET /projects?pageNum=1&pageSize=10&keyword=&stage=
Creating a new SqlSession
SqlSession [org.apache.ibatis.session.defaults.DefaultSqlSession@7887cd19] was not registered for synchronization because synchronization is not active
JDBC Connection [HikariProxyConnection@1695535225 wrapping com.mysql.cj.jdbc.ConnectionImpl@1ae0aa55] will not be managed by Spring
==>  Preparing: SELECT COUNT(*) AS total FROM t_project WHERE deleted = 0
==> Parameters: 
<==    Columns: total
<==        Row: 0
<==      Total: 1
Closing non transactional SqlSession [org.apache.ibatis.session.defaults.DefaultSqlSession@7887cd19]
2026-03-26 16:47:53 [http-nio-8080-exec-8] DEBUG org.springframework.security.web.FilterChainProxy - Securing GET /projects?pageNum=1&pageSize=10&keyword=&stage=
Creating a new SqlSession
SqlSession [org.apache.ibatis.session.defaults.DefaultSqlSession@19b84281] was not registered for synchronization because synchronization is not active
JDBC Connection [HikariProxyConnection@614694217 wrapping com.mysql.cj.jdbc.ConnectionImpl@1ae0aa55] will not be managed by Spring
==>  Preparing: SELECT id,username,password,name,email,phone,avatar,role_ids,status,last_login_time,last_login_ip,created_by,created_at,updated_by,updated_at,deleted FROM t_user WHERE deleted=0 AND (username = ?)
==> Parameters: admin(String)
<==    Columns: id, username, password, name, email, phone, avatar, role_ids, status, last_login_time, last_login_ip, created_by, created_at, updated_by, updated_at, deleted
<==        Row: 1, admin, admin123, 系统管理员, admin@example.com, null, null, 1, 1, null, null, null, 2026-03-23 13:00:27, null, 2026-03-24 15:26:43, 0
<==      Total: 1
Closing non transactional SqlSession [org.apache.ibatis.session.defaults.DefaultSqlSession@19b84281]
2026-03-26 16:47:53 [http-nio-8080-exec-8] DEBUG org.springframework.security.web.FilterChainProxy - Secured GET /projects?pageNum=1&pageSize=10&keyword=&stage=
Creating a new SqlSession
SqlSession [org.apache.ibatis.session.defaults.DefaultSqlSession@541405c6] was not registered for synchronization because synchronization is not active
JDBC Connection [HikariProxyConnection@815105055 wrapping com.mysql.cj.jdbc.ConnectionImpl@1ae0aa55] will not be managed by Spring
==>  Preparing: SELECT COUNT(*) AS total FROM t_project WHERE deleted = 0
==> Parameters: 
<==    Columns: total
<==        Row: 0
<==      Total: 1
Closing non transactional SqlSession [org.apache.ibatis.session.defaults.DefaultSqlSession@541405c6]
2026-03-26 16:48:56 [http-nio-8080-exec-9] DEBUG org.springframework.security.web.FilterChainProxy - Securing GET /projects?pageNum=1&pageSize=10&keyword=&stage=
Creating a new SqlSession
SqlSession [org.apache.ibatis.session.defaults.DefaultSqlSession@42ce6c02] was not registered for synchronization because synchronization is not active
JDBC Connection [HikariProxyConnection@1346007188 wrapping com.mysql.cj.jdbc.ConnectionImpl@1ae0aa55] will not be managed by Spring
==>  Preparing: SELECT id,username,password,name,email,phone,avatar,role_ids,status,last_login_time,last_login_ip,created_by,created_at,updated_by,updated_at,deleted FROM t_user WHERE deleted=0 AND (username = ?)
==> Parameters: admin(String)
<==    Columns: id, username, password, name, email, phone, avatar, role_ids, status, last_login_time, last_login_ip, created_by, created_at, updated_by, updated_at, deleted
<==        Row: 1, admin, admin123, 系统管理员, admin@example.com, null, null, 1, 1, null, null, null, 2026-03-23 13:00:27, null, 2026-03-24 15:26:43, 0
<==      Total: 1
Closing non transactional SqlSession [org.apache.ibatis.session.defaults.DefaultSqlSession@42ce6c02]
2026-03-26 16:48:56 [http-nio-8080-exec-9] DEBUG org.springframework.security.web.FilterChainProxy - Secured GET /projects?pageNum=1&pageSize=10&keyword=&stage=
Creating a new SqlSession
SqlSession [org.apache.ibatis.session.defaults.DefaultSqlSession@4102c0e7] was not registered for synchronization because synchronization is not active
JDBC Connection [HikariProxyConnection@1939897070 wrapping com.mysql.cj.jdbc.ConnectionImpl@1ae0aa55] will not be managed by Spring
==>  Preparing: SELECT COUNT(*) AS total FROM t_project WHERE deleted = 0
==> Parameters: 
<==    Columns: total
<==        Row: 0
<==      Total: 1
Closing non transactional SqlSession [org.apache.ibatis.session.defaults.DefaultSqlSession@4102c0e7]
2026-03-26 16:48:57 [http-nio-8080-exec-10] DEBUG org.springframework.security.web.FilterChainProxy - Securing GET /projects?pageNum=1&pageSize=10&keyword=&stage=
Creating a new SqlSession
SqlSession [org.apache.ibatis.session.defaults.DefaultSqlSession@52783280] was not registered for synchronization because synchronization is not active
JDBC Connection [HikariProxyConnection@508350094 wrapping com.mysql.cj.jdbc.ConnectionImpl@1ae0aa55] will not be managed by Spring
==>  Preparing: SELECT id,username,password,name,email,phone,avatar,role_ids,status,last_login_time,last_login_ip,created_by,created_at,updated_by,updated_at,deleted FROM t_user WHERE deleted=0 AND (username = ?)
==> Parameters: admin(String)
<==    Columns: id, username, password, name, email, phone, avatar, role_ids, status, last_login_time, last_login_ip, created_by, created_at, updated_by, updated_at, deleted
<==        Row: 1, admin, admin123, 系统管理员, admin@example.com, null, null, 1, 1, null, null, null, 2026-03-23 13:00:27, null, 2026-03-24 15:26:43, 0
<==      Total: 1
Closing non transactional SqlSession [org.apache.ibatis.session.defaults.DefaultSqlSession@52783280]
2026-03-26 16:48:57 [http-nio-8080-exec-10] DEBUG org.springframework.security.web.FilterChainProxy - Secured GET /projects?pageNum=1&pageSize=10&keyword=&stage=
Creating a new SqlSession
SqlSession [org.apache.ibatis.session.defaults.DefaultSqlSession@1e664d0a] was not registered for synchronization because synchronization is not active
JDBC Connection [HikariProxyConnection@1968773111 wrapping com.mysql.cj.jdbc.ConnectionImpl@1ae0aa55] will not be managed by Spring
==>  Preparing: SELECT COUNT(*) AS total FROM t_project WHERE deleted = 0
==> Parameters: 
<==    Columns: total
<==        Row: 0
<==      Total: 1
Closing non transactional SqlSession [org.apache.ibatis.session.defaults.DefaultSqlSession@1e664d0a]
